Business Name,Entity Type,Nonprofit Type,Registry Date,Associated Name Type,Address,City,State,Zip Code
FIRST CHRISTIAN CHURCH OF SPRINGFIELD,DOMESTIC NONPROFIT CORPORATION,RELIGIOUS WITH MEMBERS,1942-09-24 00:00:00,PRINCIPAL PLACE OF BUSINESS,395 W CENTENNIAL BLVD,SPRINGFIELD,OR,97477
TWIN RIVERS CHURCH,DOMESTIC NONPROFIT CORPORATION,RELIGIOUS WITH MEMBERS,1950-09-08 00:00:00,PRINCIPAL PLACE OF BUSINESS,1660 MOHAWK BLVD,SPRINGFIELD,OR,97477
SPRINGFIELD CHURCH OF GOD,DOMESTIC NONPROFIT CORPORATION,RELIGIOUS WITH MEMBERS,1951-09-28 00:00:00,PRINCIPAL PLACE OF BUSINESS,1369 D ST,SPRINGFIELD,OR,97477
CITY OF DESTINY CHURCH,DOMESTIC NONPROFIT CORPORATION,RELIGIOUS WITH MEMBERS,1952-11-24 00:00:00,PRINCIPAL PLACE OF BUSINESS,2065 CENTENNIAL BLVD,SPRINGFIELD,OR,97477
CAMP CREEK CHURCH,DOMESTIC NONPROFIT CORPORATION,RELIGIOUS WITH MEMBERS,1954-03-02 00:00:00,PRINCIPAL PLACE OF BUSINESS,37535 UPPER CAMP CREEK RD,SPRINGFIELD,OR,97478
EASTMONT BAPTIST CHURCH OF SPRINGFIELD,DOMESTIC NONPROFIT CORPORATION,RELIGIOUS WITH MEMBERS,1977-01-19 00:00:00,PRINCIPAL PLACE OF BUSINESS,8245 MCKENZIE HWY,SPRINGFIELD,OR,97478
EUGENE-SPRINGFIELD CHINESE CHRISTIAN CHURCH,DOMESTIC NONPROFIT CORPORATION,RELIGIOUS WITH MEMBERS,1996-10-14 00:00:00,PRINCIPAL PLACE OF BUSINESS,1275 MILL ST,SPRINGFIELD,OR,97477
GRACE BAPTIST CHURCH OF SPRINGFIELD,DOMESTIC NONPROFIT CORPORATION,RELIGIOUS WITH MEMBERS,2004-04-28 00:00:00,PRINCIPAL PLACE OF BUSINESS,260 35TH STREET,SPRINGFIELD,OR,97478
WAYPOINT COMMUNITY CHURCH,DOMESTIC NONPROFIT CORPORATION,RELIGIOUS WITH MEMBERS,2009-01-28 00:00:00,PRINCIPAL PLACE OF BUSINESS,332 58TH ST,SPRINGFIELD,OR,97478
GOSPEL COMMUNITY CHURCH,DOMESTIC NONPROFIT CORPORATION,RELIGIOUS,2014-11-10 12:54:04,PRINCIPAL PLACE OF BUSINESS,2180 MELLOWOOD CT,SPRINGFIELD,OR,97477
JOY CHURCH EUGENE,DOMESTIC NONPROFIT CORPORATION,RELIGIOUS,2016-05-17 11:09:16,PRINCIPAL PLACE OF BUSINESS,3188 GATEWAY LOOP,SPRINGFIELD,OR,97477
SPRINGFIELD COMMUNITY CHURCH,DOMESTIC NONPROFIT CORPORATION,RELIGIOUS WITH MEMBERS,2019-12-10 11:51:28,PRINCIPAL PLACE OF BUSINESS,1305 5TH ST,SPRINGFIELD,OR,97477
IMMANUEL BAPTIST CHURCH,DOMESTIC NONPROFIT CORPORATION,RELIGIOUS WITH MEMBERS,2020-09-02 08:26:41,PRINCIPAL PLACE OF BUSINESS,3050 GAME FARM ROAD S,SPRINGFIELD,OR,97477
GRACE EPISCOPAL CHURCH,DOMESTIC NONPROFIT CORPORATION,RELIGIOUS WITH MEMBERS,1883-04-07 00:00:00,,2177 SW BROADWAY,PORTLAND,OR,97201
BETHANY BIBLE CHURCH,DOMESTIC NONPROFIT CORPORATION,RELIGIOUS WITH MEMBERS,1895-03-18 00:00:00,,18245 NW GERMANTOWN RD,PORTLAND,OR,97231
SELLWOOD BAPTIST CHURCH,DOMESTIC NONPROFIT CORPORATION,RELIGIOUS WITH MEMBERS,1905-11-24 00:00:00,,1101 SE TACOMA ST,PORTLAND,OR,97202
MOSAIC CHURCH,DOMESTIC NONPROFIT CORPORATION,RELIGIOUS WITH MEMBERS,1907-01-07 00:00:00,,1832 NE CESAR E CHAVEZ BLVD,PORTLAND,OR,97212
PORTSMOUTH TRINITY LUTHERAN CHURCH,DOMESTIC NONPROFIT CORPORATION,RELIGIOUS WITH MEMBERS,1909-11-23 00:00:00,,7119 N PORTSMOUTH AVE,PORTLAND,OR,97203
APOSTOLIC CHRISTIAN CHURCH,DOMESTIC NONPROFIT CORPORATION,RELIGIOUS WITH MEMBERS,1911-10-02 00:00:00,,5101 SE MITCHELL ST,PORTLAND,OR,97206
CROSSROADS CHURCH OF CHRIST,DOMESTIC NONPROFIT CORPORATION,RELIGIOUS WITH MEMBERS,1912-11-26 00:00:00,,2505 NE 102ND AVE,PORTLAND,OR,97220
ROSE CITY CHURCH OF THE NAZARENE,DOMESTIC NONPROFIT CORPORATION,RELIGIOUS WITH MEMBERS,1917-09-25 00:00:00,,225 SE 80TH AVE,PORTLAND,OR,97213
CENTRAL LUTHERAN CHURCH,DOMESTIC NONPROFIT CORPORATION,RELIGIOUS WITH MEMBERS,1924-09-09 00:00:00,,1820 NE 21ST AVE,PORTLAND,OR,97212
GRANT PARK BAPTIST CHURCH,DOMESTIC NONPROFIT CORPORATION,RELIGIOUS WITH MEMBERS,1927-06-21 00:00:00,,PACWEST 27TH FLR,PORTLAND,OR,97204
UNITY CHURCH OF PORTLAND,DOMESTIC NONPROFIT CORPORATION,RELIGIOUS WITH MEMBERS,1935-05-22 00:00:00,,4525 SE STARK,PORTLAND,OR,97215
BETHANY BAPTIST CHURCH,DOMESTIC NONPROFIT CORPORATION,RELIGIOUS WITH MEMBERS,1945-03-01 00:00:00,,4545 NW KAISER RD,PORTLAND,OR,97229
CEDAR MILL BIBLE CHURCH,DOMESTIC NONPROFIT CORPORATION,RELIGIOUS WITH MEMBERS,1945-11-13 00:00:00,,12208 NW CORNELL RD,PORTLAND,OR,97229
COLTON EVANGELICAL LUTHERAN CHURCH,DOMESTIC NONPROFIT CORPORATION,RELIGIOUS WITH MEMBERS,1949-08-15 00:00:00,,2405 NW IRVING ST,PORTLAND,OR,97210
PENINSULA BAPTIST CHURCH OF PORTLAND,DOMESTIC NONPROFIT CORPORATION,RELIGIOUS WITH MEMBERS,1952-01-23 00:00:00,,2653 N LOMBARD ST,PORTLAND,OR,97217
RIVERGATE COMMUNITY CHURCH,DOMESTIC NONPROFIT CORPORATION,RELIGIOUS WITH MEMBERS,1953-11-12 00:00:00,,4737 N LOMBARD,PORTLAND,OR,97221
PARKROSE UNITED METHODIST CHURCH,DOMESTIC NONPROFIT CORPORATION,RELIGIOUS WITH MEMBERS,1954-02-09 00:00:00,,11111 NE KNOTT ST,PORTLAND,OR,97220
PENINSULA OPEN BIBLE CHURCH,DOMESTIC NONPROFIT CORPORATION,RELIGIOUS WITH MEMBERS,1954-08-19 00:00:00,,8225 N PENINSULAR AVE,PORTLAND,OR,97217
HOPE INTERNATIONAL BAPTIST CHURCH,DOMESTIC NONPROFIT CORPORATION,RELIGIOUS WITH MEMBERS,1955-02-01 00:00:00,,PO BOX 66146,PORTLAND,OR,97290
KENTON CHURCH,DOMESTIC NONPROFIT CORPORATION,RELIGIOUS WITH MEMBERS,1955-11-18 00:00:00,,2115 N LOMBARD STREET,PORTLAND,OR,97217
TRANSFORMING LIFE CHURCH,DOMESTIC NONPROFIT CORPORATION,RELIGIOUS WITH MEMBERS,1956-01-31 00:00:00,,11507 SW PACIFIC HWY,PORTLAND,OR,97223
SOLID ROCK BAPTIST CHURCH,DOMESTIC NONPROFIT CORPORATION,RELIGIOUS WITH MEMBERS,1956-10-22 00:00:00,,8510 SE BATTIN RD,PORTLAND,OR,97086
FAMILY BAPTIST CHURCH,DOMESTIC NONPROFIT CORPORATION,RELIGIOUS WITH MEMBERS,1957-02-25 00:00:00,,7511 SW 33RD AVE,PORTLAND,OR,97219
SUNSET PRESBYTERIAN CHURCH,DOMESTIC NONPROFIT CORPORATION,RELIGIOUS WITH MEMBERS,1957-11-22 00:00:00,,14986 NW NW CORNELL RD,PORTLAND,OR,97229
COLUMBIA COMMUNITY BIBLE CHURCH,DOMESTIC NONPROFIT CORPORATION,RELIGIOUS WITH MEMBERS,1958-08-25 00:00:00,,PO BOX 11569,PORTLAND,OR,97211
NEW HOPE MISSIONARY BAPTIST CHURCH,DOMESTIC NONPROFIT CORPORATION,RELIGIOUS WITH MEMBERS,1958-11-17 00:00:00,,3725 N GANTENBEIN AVE,PORTLAND,OR,97227
COMMUNITY CHURCH OF GOD,DOMESTIC NONPROFIT CORPORATION,RELIGIOUS WITH MEMBERS,1961-06-02 00:00:00,,6129 NE 35TH AVE,PORTLAND,OR,97211
LYNWOOD FRIENDS CHURCH,DOMESTIC NONPROFIT CORPORATION,RELIGIOUS WITH MEMBERS,1961-08-28 00:00:00,,835 SE 162ND AVE,PORTLAND,OR,97233
RESURRECTION LUTHERAN CHURCH,DOMESTIC NONPROFIT CORPORATION,RELIGIOUS WITH MEMBERS,1963-01-31 00:00:00,,1700 NE 132ND AVE,PORTLAND,OR,97230
TABOR HEIGHTS UNITED METHODIST CHURCH,DOMESTIC NONPROFIT CORPORATION,RELIGIOUS WITH MEMBERS,1963-12-20 00:00:00,,6161 SE STARK ST,PORTLAND,OR,97215
BURNSIDE BAPTIST CHURCH,DOMESTIC NONPROFIT CORPORATION,RELIGIOUS WITH MEMBERS,1965-01-22 00:00:00,,18311 E BURNSIDE ST,PORTLAND,OR,97233
FLAVEL STREET BAPTIST CHURCH,DOMESTIC NONPROFIT CORPORATION,RELIGIOUS WITH MEMBERS,1965-07-19 00:00:00,,6911 SE FLAVEL,PORTLAND,OR,97206
FULL GOSPEL TEMPLE OF PRAYER CHURCH,DOMESTIC NONPROFIT CORPORATION,RELIGIOUS WITH MEMBERS,1967-05-24 00:00:00,,2402 NE 27TH AVE,PORTLAND,OR,97212
PORTLAND MENNONITE CHURCH,DOMESTIC NONPROFIT CORPORATION,RELIGIOUS WITH MEMBERS,1968-02-06 00:00:00,,1312 SE 35TH,PORTLAND,OR,97214
TREMONT EVANGELICAL CHURCH,DOMESTIC NONPROFIT CORPORATION,RELIGIOUS WITH MEMBERS,1968-04-02 00:00:00,,7115 SE WOODSTOCK BLVD,PORTLAND,OR,97206
TIGARD COMMUNITY FRIENDS CHURCH,DOMESTIC NONPROFIT CORPORATION,RELIGIOUS WITH MEMBERS,1969-11-10 00:00:00,,12437 SW 62ND AVENUE,PORTLAND,OR,97219
WEST HILLS FRIENDS CHURCH,DOMESTIC NONPROFIT CORPORATION,RELIGIOUS WITH MEMBERS,1972-02-11 00:00:00,,PO BX 19173,PORTLAND,OR,97280
INTERCHURCH CENTER,DOMESTIC NONPROFIT CORPORATION,RELIGIOUS WITH MEMBERS,1976-09-29 00:00:00,,245 S BANCROFT ST,PORTLAND,OR,97239
CHRISTIAN DEAF CHURCH,DOMESTIC NONPROFIT CORPORATION,RELIGIOUS WITH MEMBERS,1976-10-25 00:00:00,,7030 SE HOLGATE BLVD,PORTLAND,OR,97206
METROPOLITAN COMMUNITY CHURCH OF PORTLAND,DOMESTIC NONPROFIT CORPORATION,RELIGIOUS WITH MEMBERS,1977-09-26 00:00:00,,3880 SE BROOKLYN ST,PORTLAND,OR,97202
GREATER PORTLAND BIBLE CHURCH,DOMESTIC NONPROFIT CORPORATION,RELIGIOUS WITH MEMBERS,1977-11-21 00:00:00,,2374 SW VERMONT,PORTLAND,OR,97219
BRYN SEION WELSH CHURCH,DOMESTIC NONPROFIT CORPORATION,RELIGIOUS WITH MEMBERS,1979-02-28 00:00:00,,7239 SW 34TH AVE,PORTLAND,OR,97219
160TH AVENUE CHURCH OF CHRIST,DOMESTIC NONPROFIT CORPORATION,RELIGIOUS WITH MEMBERS,1979-04-03 00:00:00,,130 NE 160TH AVE,PORTLAND,OR,97230
PORTLAND AREA SEVENTH DAY BAPTIST CHURCH,DOMESTIC NONPROFIT CORPORATION,RELIGIOUS WITH MEMBERS,1979-05-30 00:00:00,,909 AMERICAN BANK BLDG,PORTLAND,OR,97205
HALL BOULEVARD BAPTIST CHURCH,DOMESTIC NONPROFIT CORPORATION,RELIGIOUS WITH MEMBERS,1979-11-28 00:00:00,,8860 SW  CASHMUR LN APT 6,PORTLAND,OR,97225
KOREAN FIRST SOUTHERN BAPTIST CHURCH,DOMESTIC NONPROFIT CORPORATION,RELIGIOUS WITH MEMBERS,1981-10-06 00:00:00,,3824 SW TROY ST,PORTLAND,OR,97219
VANCOUVER AVENUE FIRST BAPTIST CHURCH,DOMESTIC NONPROFIT CORPORATION,RELIGIOUS WITH MEMBERS,1982-08-09 00:00:00,,3138 N VANCOUVER AVE,PORTLAND,OR,97227
KOREAN MISSION CHURCH OF OREGON,DOMESTIC NONPROFIT CORPORATION,RELIGIOUS WITH MEMBERS,1982-10-04 00:00:00,,9100 SW WILSHIRE ST,PORTLAND,OR,97225
PHILADELPHIA ROMANIAN PENTECOSTAL CHURCH,DOMESTIC NONPROFIT CORPORATION,RELIGIOUS WITH MEMBERS,1983-12-08 00:00:00,,PO BOX 33064,PORTLAND,OR,97292
NEIGHBORHOOD CHURCH OF GOD,DOMESTIC NONPROFIT CORPORATION,RELIGIOUS WITH MEMBERS,1984-03-26 00:00:00,,PO BOX 11751,PORTLAND,OR,97211
VALLEY COMMUNITY PRESBYTERIAN CHURCH FOUNDATION,DOMESTIC NONPROFIT CORPORATION,RELIGIOUS WITH MEMBERS,1989-03-02 00:00:00,,8060 SW BRENTWOOD ST,PORTLAND,OR,97225
PRINCE OF PEACE LUTHERAN CHURCH,DOMESTIC NONPROFIT CORPORATION,RELIGIOUS WITH MEMBERS,1991-09-24 00:00:00,,14175 NW CORNELL RD,PORTLAND,OR,97229
NEW LIFE MISSIONARY CHURCH,DOMESTIC NONPROFIT CORPORATION,RELIGIOUS WITH MEMBERS,1992-03-30 00:00:00,,3300 NE 172ND PL,PORTLAND,OR,97230
SALEM BIBLE MISSIONARY CHURCH,DOMESTIC NONPROFIT CORPORATION,RELIGIOUS WITH MEMBERS,1994-03-29 00:00:00,,6105 NE ALTON,PORTLAND,OR,97213
SLAVIC CHURCH EMMANUEL,DOMESTIC NONPROFIT CORPORATION,RELIGIOUS WITH MEMBERS,1994-07-15 00:00:00,,2025 SE 82ND AVE,PORTLAND,OR,97216
JAPANESE GRACE BIBLE CHURCH,DOMESTIC NONPROFIT CORPORATION,RELIGIOUS WITH MEMBERS,1994-09-13 00:00:00,,10260 SW GREENBURG ROAD,PORTLAND,OR,97223
CHURCH OF THE GOOD SHEPHERD,DOMESTIC NONPROFIT CORPORATION,RELIGIOUS WITH MEMBERS,1994-09-21 00:00:00,,4566 NE 87TH AVE,PORTLAND,OR,97220
EDEN PRESBYTERIAN CHURCH OF OREGON,DOMESTIC NONPROFIT CORPORATION,RELIGIOUS WITH MEMBERS,1995-06-05 00:00:00,,15197 NW DECATUR WAY,PORTLAND,OR,97229
LIFE CHANGE CHURCH PDX,DOMESTIC NONPROFIT CORPORATION,RELIGIOUS WITH MEMBERS,1996-09-10 00:00:00,,MARK STRONG,PORTLAND,OR,97211
DONG-SAN PRESBYTERIAN CHURCH OF OREGON,DOMESTIC NONPROFIT CORPORATION,RELIGIOUS WITH MEMBERS,1997-09-22 00:00:00,,8040 SE WOODSTOCK BLVD,PORTLAND,OR,97206
CHURCH OF GRACE,DOMESTIC NONPROFIT CORPORATION,RELIGIOUS WITH MEMBERS,1998-03-27 00:00:00,,10014 NE GLISAN ST,PORTLAND,OR,97220
AMMANUEL ETHIOPIAN EVANGELICAL CHURCH OF PORTLAND,DOMESTIC NONPROFIT CORPORATION,RELIGIOUS WITH MEMBERS,1998-04-14 00:00:00,,3515 NE KILLINGSWORTH ST,PORTLAND,OR,97211
WORD OF LIFE SLAVIC BAPTIST CHURCH,DOMESTIC NONPROFIT CORPORATION,RELIGIOUS WITH MEMBERS,1999-02-19 00:00:00,,3505 NE MULTNOMAH ST,PORTLAND,OR,97232
PORTLAND CITY BLESSING CHURCH,DOMESTIC NONPROFIT CORPORATION,RELIGIOUS WITH MEMBERS,2000-03-08 00:00:00,,450 NE 78TH NE,PORTLAND,OR,97213
WOODBURN EVANGELICAL CHURCH OF NORTH AMERICA,DOMESTIC NONPROFIT CORPORATION,RELIGIOUS WITH MEMBERS,2001-03-22 00:00:00,,10801 SE HOLGATE BLVD,PORTLAND,OR,97266
CHURCH OF CHRISTIANS OF SEVENTH DAY,DOMESTIC NONPROFIT CORPORATION,RELIGIOUS WITH MEMBERS,2001-04-04 00:00:00,,10455 NE FARGO ST,PORTLAND,OR,97220
PEARL CHURCH,DOMESTIC NONPROFIT CORPORATION,RELIGIOUS WITH MEMBERS,2001-05-02 00:00:00,,PO BOX 3202,PORTLAND,OR,97208
SLAVIC EVANGELICAL CHURCH FRIENDS OF CHRIST,DOMESTIC NONPROFIT CORPORATION,RELIGIOUS WITH MEMBERS,2001-07-02 00:00:00,,11229 NE PRESCOTT STREET,PORTLAND,OR,97220
OREGON MYANMAR CHRISTIAN CHURCH,DOMESTIC NONPROFIT CORPORATION,RELIGIOUS WITH MEMBERS,2001-11-16 00:00:00,,11250 N WYGANT ST,PORTLAND,OR,97220
OROMO EVANGELICAL CHURCH OF PORTLAND,DOMESTIC NONPROFIT CORPORATION,RELIGIOUS WITH MEMBERS,2002-01-04 00:00:00,,7447 SE HOLGATE BLVD,PORTLAND,OR,97206
PORTLAND HMONG ALLIANCE CHURCH,DOMESTIC NONPROFIT CORPORATION,RELIGIOUS WITH MEMBERS,2002-06-20 00:00:00,,5641 NE 60TH AVE,PORTLAND,OR,97218
GLOBAL COMMUNITY CHURCH,DOMESTIC NONPROFIT CORPORATION,RELIGIOUS WITH MEMBERS,2002-07-12 00:00:00,,17360 NW COUNTRYRIDGE DR,PORTLAND,OR,97229
TRINITY FULL GOSPEL PENTECOSTAL CHURCH,DOMESTIC NONPROFIT CORPORATION,RELIGIOUS WITH MEMBERS,2002-10-22 00:00:00,,4801 NE 19TH AVE,PORTLAND,OR,97211
CHRIST GOSPEL CHURCH OF PORTLAND OREGON,DOMESTIC NONPROFIT CORPORATION,RELIGIOUS WITH MEMBERS,2004-05-21 00:00:00,,6265 N COLUMBIA AVE,PORTLAND,OR,97203
COMMON GROUND CHURCH,DOMESTIC NONPROFIT CORPORATION,RELIGIOUS WITH MEMBERS,2005-01-12 00:00:00,,6050 NW 208TH AVE,PORTLAND,OR,97229
EMMANUEL THE HOPE OF GLORY WESLEYAN CHURCH,DOMESTIC NONPROFIT CORPORATION,RELIGIOUS WITH MEMBERS,2005-02-23 00:00:00,,2530 SE 89TH AVE,PORTLAND,OR,97266
WOODLAND PARK BAPTIST CHURCH,DOMESTIC NONPROFIT CORPORATION,RELIGIOUS WITH MEMBERS,2005-06-14 00:00:00,,11375 NE HALSEY ST,PORTLAND,OR,97220
VOICE OF HOPE CHRISTIAN CHURCH,DOMESTIC NONPROFIT CORPORATION,RELIGIOUS WITH MEMBERS,2005-07-13 00:00:00,,10505 SE HOLGATE BLVD,PORTLAND,OR,97266
AGAPE ROMANIAN CHRISTIAN CHURCH,DOMESTIC NONPROFIT CORPORATION,RELIGIOUS WITH MEMBERS,2005-08-04 00:00:00,,5231 SE STARK ST,PORTLAND,OR,97215
BREAD OF LIFE CHRISTIAN CHURCH IN PORTLAND,DOMESTIC NONPROFIT CORPORATION,RELIGIOUS WITH MEMBERS,2005-09-26 00:00:00,,550 NE 76TH AVE,PORTLAND,OR,97213
GLENFAIR EVANGELICAL CHURCH,DOMESTIC NONPROFIT CORPORATION,RELIGIOUS WITH MEMBERS,2005-11-28 00:00:00,,50 NE 143RD AVE,PORTLAND,OR,97230
CEDAR HILLS BAPTIST CHURCH,DOMESTIC NONPROFIT CORPORATION,RELIGIOUS WITH MEMBERS,2006-01-13 00:00:00,,C/O CEDAR HILLS BAPTIST CHURCH,PORTLAND,OR,97225
GOLGOTHA ROMANIAN PENTECOSTAL CHURCH,DOMESTIC NONPROFIT CORPORATION,RELIGIOUS WITH MEMBERS,2006-10-16 00:00:00,,630 NE 192 AVE,PORTLAND,OR,97230
MEDHANE ALEM ETHIOPIAN ORTHODOX TEWAHIDO CHURCH,DOMESTIC NONPROFIT CORPORATION,RELIGIOUS WITH MEMBERS,2007-03-26 00:00:00,,3707 SE 162ND AVE,PORTLAND,OR,97236
NEW LIFE INTERNATIONAL BAPTIST CHURCH,DOMESTIC NONPROFIT CORPORATION,RELIGIOUS WITH MEMBERS,2008-08-04 00:00:00,,411 NE 165TH AVE #122,PORTLAND,OR,97230
BEAVERTON ROCK CREEK FOURSQUARE CHURCH,DOMESTIC NONPROFIT CORPORATION,RELIGIOUS WITH MEMBERS,2008-09-24 00:00:00,,21450 NW ROCK CREEK BLVD,PORTLAND,OR,97229
TURNING POINT CHURCH,DOMESTIC NONPROFIT CORPORATION,RELIGIOUS WITH MEMBERS,2009-04-13 00:00:00,,675 NW TORREY VIEW LANE,PORTLAND,OR,97229
BLESSED TEMPLE COMMUNITY CHURCH,DOMESTIC NONPROFIT CORPORATION,RELIGIOUS WITH MEMBERS,2011-03-25 13:14:22,,PO BOX 17653,PORTLAND,OR,97217
WORD OF LIFE ROMANIAN BAPTIST CHURCH,DOMESTIC NONPROFIT CORPORATION,RELIGIOUS WITH MEMBERS,2011-04-11 08:42:38,,15919 SE KINGBIRD DR,PORTLAND,OR,97220
PORTLAND LENTS FOURSQUARE CHURCH,DOMESTIC NONPROFIT CORPORATION,RELIGIOUS WITH MEMBERS,2013-01-15 12:59:01,,PO BOX 66883,PORTLAND,OR,97290
ZOMI COMMUNITY MISSION CHURCH,DOMESTIC NONPROFIT CORPORATION,RELIGIOUS WITH MEMBERS,2013-08-23 00:00:00,,2229 SE 171ST AVE,PORTLAND,OR,97233
SAMOAN INDEPENDENT SEVENTH DAY ASSOCIATION OF CHURCHES,DOMESTIC NONPROFIT CORPORATION,RELIGIOUS WITH MEMBERS,2016-04-14 08:35:25,,4200 SE JENNINGS AVE,PORTLAND,OR,97267
GARDEN CHURCH PDX,DOMESTIC NONPROFIT CORPORATION,RELIGIOUS WITH MEMBERS,2016-06-08 08:11:37,,217 NW 4TH AVE,PORTLAND,OR,97209
FOUNTAIN GATEWAY CHURCH,DOMESTIC NONPROFIT CORPORATION,RELIGIOUS WITH MEMBERS,2017-01-26 08:11:59,,9750 SW TERWILLIGER BLVD,PORTLAND,OR,97219
SOJOURN COMMUNITY CHURCH,DOMESTIC NONPROFIT CORPORATION,RELIGIOUS WITH MEMBERS,2017-03-06 11:41:15,,3519 NE 15TH AVE #267,PORTLAND,OR,97212
COLUMBIA VIEW WESLEYAN CHURCH,DOMESTIC NONPROFIT CORPORATION,RELIGIOUS WITH MEMBERS,2017-10-10 15:36:30,,16700 NE HALSEY ST,PORTLAND,OR,97230
MOUNT TABOR ROMANIAN PENTECOSTAL CHURCH,DOMESTIC NONPROFIT CORPORATION,RELIGIOUS WITH MEMBERS,2018-04-04 00:00:00,,6828 SE HOLGATE BLVD,PORTLAND,OR,97206
WOODSTOCK COMMUNITY CHURCH,DOMESTIC NONPROFIT CORPORATION,RELIGIOUS WITH MEMBERS,2018-12-10 11:36:06,,5511 SE COOPER ST,PORTLAND,OR,97206
HOREB OROMO EVANGELICAL CHURCH OF PORTLAND,DOMESTIC NONPROFIT CORPORATION,RELIGIOUS WITH MEMBERS,2019-03-04 00:00:00,,8040 SE WOODSTOCK BLVD,PORTLAND,OR,97206
HAWTHORNE FOURSQUARE CHURCH,DOMESTIC NONPROFIT CORPORATION,RELIGIOUS WITH MEMBERS,2019-10-04 15:31:13,,16575 SE WEBSTER RD,PORTLAND,OR,97267
ALL SAINTS UPENDO CHURCH,DOMESTIC NONPROFIT CORPORATION,RELIGIOUS WITH MEMBERS,2020-10-13 14:09:23,,14500 SE POWELL BLVD,PORTLAND,OR,97236
PIA DOMU CHURCH OF THE LOVING HOME,DOMESTIC NONPROFIT CORPORATION,RELIGIOUS WITH MEMBERS,2021-02-26 14:51:38,,1026 N AINSWORTH ST,PORTLAND,OR,97217
ALL CITY CHURCH,DOMESTIC NONPROFIT CORPORATION,RELIGIOUS WITH MEMBERS,2021-07-21 00:00:00,,2700 SE 67TH AVE,PORTLAND,OR,97206
VIETNAMESE HOPE BAPTIST CHURCH,DOMESTIC NONPROFIT CORPORATION,RELIGIOUS WITH MEMBERS,2022-06-09 00:00:00,,2115 SE 148TH AVE,PORTLAND,OR,97233
BLOOM CHURCH,DOMESTIC NONPROFIT CORPORATION,RELIGIOUS WITH MEMBERS,2023-10-26 00:00:00,,7657 E. MARKET ST.,PORTLAND,OR,97215
SLAVIC CHRISTIAN CHURCH OF SALEM,DOMESTIC NONPROFIT CORPORATION,RELIGIOUS WITH MEMBERS,1993-11-09 00:00:00,MAILING ADDRESS,4913 AUBURN RD NE,SALEM,OR,97301
FIRST SLAVIC BAPTIST CHURCH,DOMESTIC NONPROFIT CORPORATION,RELIGIOUS WITH MEMBERS,1995-05-24 00:00:00,MAILING ADDRESS,1746 DAVIS RD S,SALEM,OR,97306
