Registry Number,Business Name,Entity Type,Registry Date,Nonprofit Type,Associated Name Type,First Name,Middle Name,Last Name,Suffix,Not of Record Entity,Entity of Record Reg Number,Entity of Record Name,Address ,Address Continued,City,State,Zip Code
6002919,ST. JOHN UKRAINIAN ORTHODOX CHURCH,DOMESTIC NONPROFIT CORPORATION,1958-05-14 00:00:00,RELIGIOUS WITH MEMBERS,MAILING ADDRESS,,,,,,,,8014 SE 16TH AVE,,PORTLAND,OR,97202
6002919,ST. JOHN UKRAINIAN ORTHODOX CHURCH,DOMESTIC NONPROFIT CORPORATION,1958-05-14 00:00:00,RELIGIOUS WITH MEMBERS,PRESIDENT,MYKHAILO,,ANTONOV,,,,,13440 SE DIVISION ST,,PORTLAND,OR,97236
6002919,ST. JOHN UKRAINIAN ORTHODOX CHURCH,DOMESTIC NONPROFIT CORPORATION,1958-05-14 00:00:00,RELIGIOUS WITH MEMBERS,PRINCIPAL PLACE OF BUSINESS,,,,,,,,8014 SE 16TH AVE,,PORTLAND,OR,97202
6002919,ST. JOHN UKRAINIAN ORTHODOX CHURCH,DOMESTIC NONPROFIT CORPORATION,1958-05-14 00:00:00,RELIGIOUS WITH MEMBERS,REGISTERED AGENT,MYKHAILO,,ANTONOV,,,,,13440 SE DIVISION ST,,PORTLAND,OR,97236
6002919,ST. JOHN UKRAINIAN ORTHODOX CHURCH,DOMESTIC NONPROFIT CORPORATION,1958-05-14 00:00:00,RELIGIOUS WITH MEMBERS,SECRETARY,DMYTRO,,LENOK,,,,,3315 SW 40TH ST,,GRESHAM,OR,97080
10648616,RUSSIAN GOSPEL CHURCH CEF,DOMESTIC NONPROFIT CORPORATION,1974-07-01 00:00:00,RELIGIOUS WITH MEMBERS,MAILING ADDRESS,,,,,,,,5526 S HOPE AVE,,HUBBARD,OR,97032
10648616,RUSSIAN GOSPEL CHURCH CEF,DOMESTIC NONPROFIT CORPORATION,1974-07-01 00:00:00,RELIGIOUS WITH MEMBERS,PRESIDENT,BEN,,SHEVCHENKO,,,,,1535 W LINCOLN ST,,WOODBURN,OR,97071
10648616,RUSSIAN GOSPEL CHURCH CEF,DOMESTIC NONPROFIT CORPORATION,1974-07-01 00:00:00,RELIGIOUS WITH MEMBERS,PRINCIPAL PLACE OF BUSINESS,,,,,,,,5526 S HOPE AVE,,HUBBARD,OR,97032
10648616,RUSSIAN GOSPEL CHURCH CEF,DOMESTIC NONPROFIT CORPORATION,1974-07-01 00:00:00,RELIGIOUS WITH MEMBERS,REGISTERED AGENT,BEN,,SHEVCHENKO,,,,,1535 W LINCOLN ST,,WOODBURN,OR,97071
10648616,RUSSIAN GOSPEL CHURCH CEF,DOMESTIC NONPROFIT CORPORATION,1974-07-01 00:00:00,RELIGIOUS WITH MEMBERS,SECRETARY,PAVEL,,RUCHIN,,,,,3236 SUNSET DR,,HUBBARD,OR,97032
20989489,YOUTH WITH A MISSION-SLAVIC MINISTRIES INTERNATIONAL,DOMESTIC NONPROFIT CORPORATION,1990-07-11 00:00:00,RELIGIOUS,MAILING ADDRESS,,,,,,,,YWAM-SLAVIC MINISTRIES INT',PO BOX 4213,SALEM,OR,97306
20989489,YOUTH WITH A MISSION-SLAVIC MINISTRIES INTERNATIONAL,DOMESTIC NONPROFIT CORPORATION,1990-07-11 00:00:00,RELIGIOUS,PRESIDENT,ALEX,,AKIMOFF,,,,,7026 BATTLE CREEK RD SE,,SALEM,OR,97317
20989489,YOUTH WITH A MISSION-SLAVIC MINISTRIES INTERNATIONAL,DOMESTIC NONPROFIT CORPORATION,1990-07-11 00:00:00,RELIGIOUS,PRINCIPAL PLACE OF BUSINESS,,,,,,,,7026 BATTLE CRK RD SE,,SALEM,OR,97317
20989489,YOUTH WITH A MISSION-SLAVIC MINISTRIES INTERNATIONAL,DOMESTIC NONPROFIT CORPORATION,1990-07-11 00:00:00,RELIGIOUS,REGISTERED AGENT,ALEX,,AKIMOFF,,,,,YWAM-SLAVIC MINISTRIES,7026 BATTLE CRK RD SE,SALEM,OR,97317
20989489,YOUTH WITH A MISSION-SLAVIC MINISTRIES INTERNATIONAL,DOMESTIC NONPROFIT CORPORATION,1990-07-11 00:00:00,RELIGIOUS,SECRETARY,JAMES,,BECHTEL,,,,,1163 CAYUSE CIRCLE SE,,SALEM,OR,97306
24956484,"RUSSIAN FULL GOSPEL CHURCH - ""EBEN-EZER""",DOMESTIC NONPROFIT CORPORATION,1991-05-29 00:00:00,RELIGIOUS WITH MEMBERS,MAILING ADDRESS,,,,,,,,3511 SE CONCORD RD,,MILWAUKIE,OR,97267
24956484,"RUSSIAN FULL GOSPEL CHURCH - ""EBEN-EZER""",DOMESTIC NONPROFIT CORPORATION,1991-05-29 00:00:00,RELIGIOUS WITH MEMBERS,PRESIDENT,YURIY,,PIPCHENKO,,,,,20054 QUINALT DR,,OREGON CITY,OR,97045
24956484,"RUSSIAN FULL GOSPEL CHURCH - ""EBEN-EZER""",DOMESTIC NONPROFIT CORPORATION,1991-05-29 00:00:00,RELIGIOUS WITH MEMBERS,PRINCIPAL PLACE OF BUSINESS,,,,,,,,3511 SE CONCORD RD,,MILWAUKIE,OR,97267
24956484,"RUSSIAN FULL GOSPEL CHURCH - ""EBEN-EZER""",DOMESTIC NONPROFIT CORPORATION,1991-05-29 00:00:00,RELIGIOUS WITH MEMBERS,REGISTERED AGENT,VLADIMIR,,BOGZA,,,,,7351 SE HENDERSON ST,,PORTLAND,OR,97206
24956484,"RUSSIAN FULL GOSPEL CHURCH - ""EBEN-EZER""",DOMESTIC NONPROFIT CORPORATION,1991-05-29 00:00:00,RELIGIOUS WITH MEMBERS,SECRETARY,PETR,,ROZHIK,,,,,3350 SE 115TH AVE APT 6,,PORTLAND,OR,97266
31721681,"SLAVIC EVANGELICAL CHURCH ""SULAMITA"", A MENNONITE BRETHERN CHURCH",DOMESTIC NONPROFIT CORPORATION,1992-10-20 00:00:00,RELIGIOUS WITH MEMBERS,MAILING ADDRESS,,,,,,,,20575 NE SANDY BLVD,,FAIRVIEW,OR,97024
31721681,"SLAVIC EVANGELICAL CHURCH ""SULAMITA"", A MENNONITE BRETHERN CHURCH",DOMESTIC NONPROFIT CORPORATION,1992-10-20 00:00:00,RELIGIOUS WITH MEMBERS,PRESIDENT,ANATOLY,,LUKASHOV,,,,,5236 SE 104 AVE,,PORTLAND,OR,97266
31721681,"SLAVIC EVANGELICAL CHURCH ""SULAMITA"", A MENNONITE BRETHERN CHURCH",DOMESTIC NONPROFIT CORPORATION,1992-10-20 00:00:00,RELIGIOUS WITH MEMBERS,PRINCIPAL PLACE OF BUSINESS,,,,,,,,20575 NE SANDY BLVD,,FAIRVIEW,OR,97024
31721681,"SLAVIC EVANGELICAL CHURCH ""SULAMITA"", A MENNONITE BRETHERN CHURCH",DOMESTIC NONPROFIT CORPORATION,1992-10-20 00:00:00,RELIGIOUS WITH MEMBERS,REGISTERED AGENT,ALEX,,KOVAL,,,,,13685 CLACKAMAS RIVER DR,,OREGON CITY,OR,97045
31721681,"SLAVIC EVANGELICAL CHURCH ""SULAMITA"", A MENNONITE BRETHERN CHURCH",DOMESTIC NONPROFIT CORPORATION,1992-10-20 00:00:00,RELIGIOUS WITH MEMBERS,SECRETARY,ROMAN,,MICHALCHUK,,,,,2442 SW 11 MILE DR,,GRESHAM,OR,97080
37172186,SLAVIC CHRISTIAN CHURCH OF SALEM,DOMESTIC NONPROFIT CORPORATION,1993-11-09 00:00:00,RELIGIOUS WITH MEMBERS,MAILING ADDRESS,,,,,,,,4913 AUBURN RD NE,,SALEM,OR,97301
37172186,SLAVIC CHRISTIAN CHURCH OF SALEM,DOMESTIC NONPROFIT CORPORATION,1993-11-09 00:00:00,RELIGIOUS WITH MEMBERS,PRESIDENT,VYACHESLAV,,BOYNETSKIY,,,,,4913 AUBURN RD NE,,SALEM,OR,97301
37172186,SLAVIC CHRISTIAN CHURCH OF SALEM,DOMESTIC NONPROFIT CORPORATION,1993-11-09 00:00:00,RELIGIOUS WITH MEMBERS,PRINCIPAL PLACE OF BUSINESS,,,,,,,,4913 AUBURN RD NE,,SALEM,OR,97301
37172186,SLAVIC CHRISTIAN CHURCH OF SALEM,DOMESTIC NONPROFIT CORPORATION,1993-11-09 00:00:00,RELIGIOUS WITH MEMBERS,REGISTERED AGENT,ALEX,,VORONKO,,,,,4913 AUBURN RD NE,,SALEM,OR,97301
37172186,SLAVIC CHRISTIAN CHURCH OF SALEM,DOMESTIC NONPROFIT CORPORATION,1993-11-09 00:00:00,RELIGIOUS WITH MEMBERS,SECRETARY,RUSS,,DROFYAK,,,,,4913 AUBURN RD NE,,SALEM,OR,97301
41053786,SLAVIC CHURCH EMMANUEL,DOMESTIC NONPROFIT CORPORATION,1994-07-15 00:00:00,RELIGIOUS WITH MEMBERS,MAILING ADDRESS,,,,,,,,2025 SE 82ND AVE,,PORTLAND,OR,97216
41053786,SLAVIC CHURCH EMMANUEL,DOMESTIC NONPROFIT CORPORATION,1994-07-15 00:00:00,RELIGIOUS WITH MEMBERS,PRESIDENT,MIKHAIL,,STEFANYUK,,,,,14601 NE 2ND AVE,,VANCOUVER,WA,98685
41053786,SLAVIC CHURCH EMMANUEL,DOMESTIC NONPROFIT CORPORATION,1994-07-15 00:00:00,RELIGIOUS WITH MEMBERS,PRINCIPAL PLACE OF BUSINESS,,,,,,,,2025 SE 82ND AVE,,PORTLAND,OR,97216
41053786,SLAVIC CHURCH EMMANUEL,DOMESTIC NONPROFIT CORPORATION,1994-07-15 00:00:00,RELIGIOUS WITH MEMBERS,REGISTERED AGENT,STEPAN,,CHAPSKIY,,,,,6635 SE 76TH AVE,,PORTLAND,OR,97206
41053786,SLAVIC CHURCH EMMANUEL,DOMESTIC NONPROFIT CORPORATION,1994-07-15 00:00:00,RELIGIOUS WITH MEMBERS,SECRETARY,STEPAN,,CHAPSKIY,,,,,6635 SE 76TH AVE,,PORTLAND,OR,97206
46036786,FIRST SLAVIC BAPTIST CHURCH,DOMESTIC NONPROFIT CORPORATION,1995-05-24 00:00:00,RELIGIOUS WITH MEMBERS,MAILING ADDRESS,,,,,,,,1746 DAVIS RD S,,SALEM,OR,97306
46036786,FIRST SLAVIC BAPTIST CHURCH,DOMESTIC NONPROFIT CORPORATION,1995-05-24 00:00:00,RELIGIOUS WITH MEMBERS,PRESIDENT,EUGENE,,KORCHAGIN,,,,,4645 BLACKCHERRY CT SE,,SALEM,OR,97317
46036786,FIRST SLAVIC BAPTIST CHURCH,DOMESTIC NONPROFIT CORPORATION,1995-05-24 00:00:00,RELIGIOUS WITH MEMBERS,PRINCIPAL PLACE OF BUSINESS,,,,,,,,1746 DAVIS RD S,,SALEM,OR,97306
46036786,FIRST SLAVIC BAPTIST CHURCH,DOMESTIC NONPROFIT CORPORATION,1995-05-24 00:00:00,RELIGIOUS WITH MEMBERS,REGISTERED AGENT,KONSTANTIN,,VYSOTSKIY,,,,,6707 LIPSCOMB ST SE,,SALEM,OR,97317
46036786,FIRST SLAVIC BAPTIST CHURCH,DOMESTIC NONPROFIT CORPORATION,1995-05-24 00:00:00,RELIGIOUS WITH MEMBERS,SECRETARY,PAVEL,,TOFAN,,,,,2368 VENETA AVE S,,SALEM,OR,97306
47485388,NEW SONG RUSSIAN CHRISTIAN SCHOOL OF MUSIC,DOMESTIC NONPROFIT CORPORATION,1995-08-30 00:00:00,PUBLIC BENEFIT,MAILING ADDRESS,,,,,,,,11687 NE GLISAN ST,,PORTLAND,OR,97220
47485388,NEW SONG RUSSIAN CHRISTIAN SCHOOL OF MUSIC,DOMESTIC NONPROFIT CORPORATION,1995-08-30 00:00:00,PUBLIC BENEFIT,PRESIDENT,ANDREY,,DOLBININ,,,,,11687 NE GLISAN ST,,PORTLAND,OR,97220
47485388,NEW SONG RUSSIAN CHRISTIAN SCHOOL OF MUSIC,DOMESTIC NONPROFIT CORPORATION,1995-08-30 00:00:00,PUBLIC BENEFIT,PRINCIPAL PLACE OF BUSINESS,,,,,,,,11687 NE GLISAN ST,,PORTLAND,OR,97220
47485388,NEW SONG RUSSIAN CHRISTIAN SCHOOL OF MUSIC,DOMESTIC NONPROFIT CORPORATION,1995-08-30 00:00:00,PUBLIC BENEFIT,REGISTERED AGENT,,,,,,47485388,NEW SONG RUSSIAN CHRISTIAN SCHOOL OF MUSIC,11687 NE GLISAN ST,,PORTLAND,OR,97220
47485388,NEW SONG RUSSIAN CHRISTIAN SCHOOL OF MUSIC,DOMESTIC NONPROFIT CORPORATION,1995-08-30 00:00:00,PUBLIC BENEFIT,SECRETARY,MAKSIM,,DOLBININ,,,,,11687 NE GLISAN ST,,PORTLAND,OR,97220
48426589,FIRST SLAVIC EVANGELICAL BAPTIST CHURCH OF PORTLAND,DOMESTIC NONPROFIT CORPORATION,1995-10-26 00:00:00,RELIGIOUS WITH MEMBERS,MAILING ADDRESS,,,,,,,,1010 9TH ST,,OREGON CITY,OR,97045
48426589,FIRST SLAVIC EVANGELICAL BAPTIST CHURCH OF PORTLAND,DOMESTIC NONPROFIT CORPORATION,1995-10-26 00:00:00,RELIGIOUS WITH MEMBERS,PRESIDENT,MAX,,GRISHKEVICH,,,,,10001 SE SUNNYSIDE RD STE 120,,CLACKAMAS,OR,97015
48426589,FIRST SLAVIC EVANGELICAL BAPTIST CHURCH OF PORTLAND,DOMESTIC NONPROFIT CORPORATION,1995-10-26 00:00:00,RELIGIOUS WITH MEMBERS,PRINCIPAL PLACE OF BUSINESS,,,,,,,,1010 9TH ST,,OREGON CITY,OR,97045
48426589,FIRST SLAVIC EVANGELICAL BAPTIST CHURCH OF PORTLAND,DOMESTIC NONPROFIT CORPORATION,1995-10-26 00:00:00,RELIGIOUS WITH MEMBERS,REGISTERED AGENT,MAX,,GRISHKEVICH,,,,,10001 SE SUNNYSIDE RD STE 120,,CLACKAMAS,OR,97015
48426589,FIRST SLAVIC EVANGELICAL BAPTIST CHURCH OF PORTLAND,DOMESTIC NONPROFIT CORPORATION,1995-10-26 00:00:00,RELIGIOUS WITH MEMBERS,SECRETARY,ANATOLIY,,GURNIK,,,,,6168 NE HIGHWAY 99 STE 201,,VANCOUVER,WA,98665
65104086,UKRAINIAN SCHOOL OF KNOWLEDGE,DOMESTIC NONPROFIT CORPORATION,1998-09-02 00:00:00,PUBLIC BENEFIT WITH MEMBERS,MAILING ADDRESS,,,,,,,,12670 SW HARLEQUIN DR,,BEAVERTON,OR,97007
65104086,UKRAINIAN SCHOOL OF KNOWLEDGE,DOMESTIC NONPROFIT CORPORATION,1998-09-02 00:00:00,PUBLIC BENEFIT WITH MEMBERS,PRESIDENT,IHOR,,LEVKIV,,,,,12670 SW HARLEQUINE DRIVE,,BEAVERTON,OR,97007
65104086,UKRAINIAN SCHOOL OF KNOWLEDGE,DOMESTIC NONPROFIT CORPORATION,1998-09-02 00:00:00,PUBLIC BENEFIT WITH MEMBERS,PRINCIPAL PLACE OF BUSINESS,,,,,,,,11900 SE STANLEY AVE,,MILWAUKIE,OR,97222
65104086,UKRAINIAN SCHOOL OF KNOWLEDGE,DOMESTIC NONPROFIT CORPORATION,1998-09-02 00:00:00,PUBLIC BENEFIT WITH MEMBERS,REGISTERED AGENT,IHOR,,LEVKIV,,,,,12670 SW HARLEQUIN DRIVE,,BEAVERTON,OR,97007
65104086,UKRAINIAN SCHOOL OF KNOWLEDGE,DOMESTIC NONPROFIT CORPORATION,1998-09-02 00:00:00,PUBLIC BENEFIT WITH MEMBERS,SECRETARY,ORYSIA,,OSTAFIICHUK,,,,,31883 NW CLAXTAR ST,,NORTH PLAINS,OR,97133
67628884,WORD OF LIFE SLAVIC BAPTIST CHURCH,DOMESTIC NONPROFIT CORPORATION,1999-02-19 00:00:00,RELIGIOUS WITH MEMBERS,MAILING ADDRESS,,,,,,,,3505 NE MULTNOMAH ST,,PORTLAND,OR,97232
67628884,WORD OF LIFE SLAVIC BAPTIST CHURCH,DOMESTIC NONPROFIT CORPORATION,1999-02-19 00:00:00,RELIGIOUS WITH MEMBERS,PRESIDENT,KONSTANTIN,,LIKHOVODOV,,,,,3505 NE MULTNOMAH ST,,PORTLAND,OR,97232
67628884,WORD OF LIFE SLAVIC BAPTIST CHURCH,DOMESTIC NONPROFIT CORPORATION,1999-02-19 00:00:00,RELIGIOUS WITH MEMBERS,PRINCIPAL PLACE OF BUSINESS,,,,,,,,3505 NE MULTNOMAH ST,,PORTLAND,OR,97232
67628884,WORD OF LIFE SLAVIC BAPTIST CHURCH,DOMESTIC NONPROFIT CORPORATION,1999-02-19 00:00:00,RELIGIOUS WITH MEMBERS,REGISTERED AGENT,ALINA,,SAVCHENKO,,,,,3505 NE MULTNOMAH ST,,PORTLAND,OR,97232
67628884,WORD OF LIFE SLAVIC BAPTIST CHURCH,DOMESTIC NONPROFIT CORPORATION,1999-02-19 00:00:00,RELIGIOUS WITH MEMBERS,SECRETARY,ALEXANDER,,ORLOV,,,,,3505 NE MULTNOMAH ST,,PORTLAND,OR,97232
2799195,SLAVIC EVANGELICAL CHURCH FRIENDS OF CHRIST,DOMESTIC NONPROFIT CORPORATION,2001-07-02 00:00:00,RELIGIOUS WITH MEMBERS,MAILING ADDRESS,,,,,,,,11229 NE PRESCOTT STREET,,PORTLAND,OR,97220
2799195,SLAVIC EVANGELICAL CHURCH FRIENDS OF CHRIST,DOMESTIC NONPROFIT CORPORATION,2001-07-02 00:00:00,RELIGIOUS WITH MEMBERS,PRESIDENT,IVAN,,GOLUB,,,,,501 NE 123RD AVE APT X174,,VANCOUVER,WA,98683
2799195,SLAVIC EVANGELICAL CHURCH FRIENDS OF CHRIST,DOMESTIC NONPROFIT CORPORATION,2001-07-02 00:00:00,RELIGIOUS WITH MEMBERS,PRINCIPAL PLACE OF BUSINESS,,,,,,,,11229 NE PRESCOTT STREET,,PORTLAND,OR,97220
2799195,SLAVIC EVANGELICAL CHURCH FRIENDS OF CHRIST,DOMESTIC NONPROFIT CORPORATION,2001-07-02 00:00:00,RELIGIOUS WITH MEMBERS,REGISTERED AGENT,IVAN,,GOLUB,,,,,11229 NE PRESCOTT STREET,,PORTLAND,OR,97220
2799195,SLAVIC EVANGELICAL CHURCH FRIENDS OF CHRIST,DOMESTIC NONPROFIT CORPORATION,2001-07-02 00:00:00,RELIGIOUS WITH MEMBERS,SECRETARY,ALEX,,MISYUK,,,,,6828 SE 262ND AVE,,GRESHAM,OR,97080
14764690,"UKRAINIAN BIBLE CHURCH-""PATHWAY TO GOD""",DOMESTIC NONPROFIT CORPORATION,2003-05-06 00:00:00,RELIGIOUS,MAILING ADDRESS,,,,,,,,11900 SE STANLEY,,MILWAUKIE,OR,97222
14764690,"UKRAINIAN BIBLE CHURCH-""PATHWAY TO GOD""",DOMESTIC NONPROFIT CORPORATION,2003-05-06 00:00:00,RELIGIOUS,PRESIDENT,IVAN,,OLEYNIK,,,,,11900 SE STANLEY ST,,MILWAUKIE,OR,97222
14764690,"UKRAINIAN BIBLE CHURCH-""PATHWAY TO GOD""",DOMESTIC NONPROFIT CORPORATION,2003-05-06 00:00:00,RELIGIOUS,PRINCIPAL PLACE OF BUSINESS,,,,,,,,11900 SE STANLEY,,MILWAUKIE,OR,97222
14764690,"UKRAINIAN BIBLE CHURCH-""PATHWAY TO GOD""",DOMESTIC NONPROFIT CORPORATION,2003-05-06 00:00:00,RELIGIOUS,REGISTERED AGENT,IVAN,,OLEYNIK,,,,,11900 SE STANLEY,,MILWAUKIE,OR,97222
14764690,"UKRAINIAN BIBLE CHURCH-""PATHWAY TO GOD""",DOMESTIC NONPROFIT CORPORATION,2003-05-06 00:00:00,RELIGIOUS,SECRETARY,ROMAN,,BUZHDUGA,,,,,11900 SE STANLEY ST,,MILWAUKIE,OR,97222
35294198,UKRAINIAN FOUNDATION,DOMESTIC NONPROFIT CORPORATION,2006-04-10 00:00:00,PUBLIC BENEFIT,MAILING ADDRESS,,,,,,,,11140 SW PARTRIDGE LOOP,,BEAVERTON,OR,97007
35294198,UKRAINIAN FOUNDATION,DOMESTIC NONPROFIT CORPORATION,2006-04-10 00:00:00,PUBLIC BENEFIT,PRESIDENT,YURIY,,BOYECHKO,,,,,11140 SW PARTRIDGE LOOP,,BEAVERTON,OR,97007
35294198,UKRAINIAN FOUNDATION,DOMESTIC NONPROFIT CORPORATION,2006-04-10 00:00:00,PUBLIC BENEFIT,PRINCIPAL PLACE OF BUSINESS,,,,,,,,11140 SW PARTRIDGE LOOP,,BEAVERTON,OR,97007
35294198,UKRAINIAN FOUNDATION,DOMESTIC NONPROFIT CORPORATION,2006-04-10 00:00:00,PUBLIC BENEFIT,REGISTERED AGENT,YURIY,,BOYECHKO,,,,,11140 SW PARTRIDGE LOOP,,BEAVERTON,OR,97007
35294198,UKRAINIAN FOUNDATION,DOMESTIC NONPROFIT CORPORATION,2006-04-10 00:00:00,PUBLIC BENEFIT,SECRETARY,YURIY,,BOYECHKO,,,,,11140 SW PARTRIDGE LOOP,,BEAVERTON,OR,97007
41631797,UKRAINIAN-AMERICAN CULTURAL ASSOCIATION,DOMESTIC NONPROFIT CORPORATION,2007-02-27 00:00:00,PUBLIC BENEFIT WITH MEMBERS,MAILING ADDRESS,,,,,,,,12670 SW HARLEQUIN DR,,BEAVERTON,OR,97007
41631797,UKRAINIAN-AMERICAN CULTURAL ASSOCIATION,DOMESTIC NONPROFIT CORPORATION,2007-02-27 00:00:00,PUBLIC BENEFIT WITH MEMBERS,PRESIDENT,IHOR,,LEVKIV,,,,,12670 SW HARLEQUIN DR,,BEAVERTON,OR,97007
41631797,UKRAINIAN-AMERICAN CULTURAL ASSOCIATION,DOMESTIC NONPROFIT CORPORATION,2007-02-27 00:00:00,PUBLIC BENEFIT WITH MEMBERS,PRINCIPAL PLACE OF BUSINESS,,,,,,,,12670 SW HARLEQUIN DRIVE,,BEAVERTON,OR,97007
41631797,UKRAINIAN-AMERICAN CULTURAL ASSOCIATION,DOMESTIC NONPROFIT CORPORATION,2007-02-27 00:00:00,PUBLIC BENEFIT WITH MEMBERS,REGISTERED AGENT,IHOR,,LEVKIV,,,,,12670 SW HARLEQUIN DR,,BEAVERTON,OR,97007
41631797,UKRAINIAN-AMERICAN CULTURAL ASSOCIATION,DOMESTIC NONPROFIT CORPORATION,2007-02-27 00:00:00,PUBLIC BENEFIT WITH MEMBERS,SECRETARY,LILIYA,,DEMYANIK,,,,,1807 S 24TH DR,,RIDGEFIELD,WA,98642
53579893,SLAVIC CHRISTIAN ACADEMY,DOMESTIC NONPROFIT CORPORATION,2008-07-31 00:00:00,RELIGIOUS,MAILING ADDRESS,,,,,,,,15407 NE 84TH ST,,VANCOUVER,WA,98682
53579893,SLAVIC CHRISTIAN ACADEMY,DOMESTIC NONPROFIT CORPORATION,2008-07-31 00:00:00,RELIGIOUS,PRESIDENT,ANDREY,,DOLBININ,,,,,10603 SE HENDERSON ST,,PORTLAND,OR,97266
53579893,SLAVIC CHRISTIAN ACADEMY,DOMESTIC NONPROFIT CORPORATION,2008-07-31 00:00:00,RELIGIOUS,PRINCIPAL PLACE OF BUSINESS,,,,,,,,10603 SE HENDERSON ST,,PORTLAND,OR,97266
53579893,SLAVIC CHRISTIAN ACADEMY,DOMESTIC NONPROFIT CORPORATION,2008-07-31 00:00:00,RELIGIOUS,REGISTERED AGENT,ANDREY,,DOLBININ,,,,,5642 SE139TH AVE,,PORTLAND,OR,97236
53579893,SLAVIC CHRISTIAN ACADEMY,DOMESTIC NONPROFIT CORPORATION,2008-07-31 00:00:00,RELIGIOUS,SECRETARY,IRINA,,DOLBININA,,,,,11607 NE GLISAN ST,,PORTLAND,OR,97220
57809999,SLAVIC COMMUNITY CENTER,DOMESTIC NONPROFIT CORPORATION,2009-02-09 00:00:00,PUBLIC BENEFIT,MAILING ADDRESS,,,,,,,,6511 NE FREMONT ST,,PORTLAND,OR,97213
57809999,SLAVIC COMMUNITY CENTER,DOMESTIC NONPROFIT CORPORATION,2009-02-09 00:00:00,PUBLIC BENEFIT,PRESIDENT,GRIGORIY,,CHIZH,,,,,4705 NE 66TH AVE,APT 12,VANCOUVER,WA,98661
57809999,SLAVIC COMMUNITY CENTER,DOMESTIC NONPROFIT CORPORATION,2009-02-09 00:00:00,PUBLIC BENEFIT,PRINCIPAL PLACE OF BUSINESS,,,,,,,,20575 NE SANDY BLVD,,FAIRVIEW,OR,97024
57809999,SLAVIC COMMUNITY CENTER,DOMESTIC NONPROFIT CORPORATION,2009-02-09 00:00:00,PUBLIC BENEFIT,REGISTERED AGENT,GRIGORIY,,CHIZH,,,,,20575 NE SANDY BLVD,,FAIRVIEW,OR,97024
57809999,SLAVIC COMMUNITY CENTER,DOMESTIC NONPROFIT CORPORATION,2009-02-09 00:00:00,PUBLIC BENEFIT,SECRETARY,JOSEPH,,BEREZHINSKIY,,,,,6511 NE FREMONT ST,,PORTLAND,OR,97213
69900398,NORTHWEST RUSSIAN AMERICAN COMMUNITY CENTER,DOMESTIC NONPROFIT CORPORATION,2010-07-06 08:57:49,PUBLIC BENEFIT,MAILING ADDRESS,,,,,,,,7955 SW EVERETT CT,,BEAVERTON,OR,97007
69900398,NORTHWEST RUSSIAN AMERICAN COMMUNITY CENTER,DOMESTIC NONPROFIT CORPORATION,2010-07-06 08:57:49,PUBLIC BENEFIT,PRESIDENT,RAFAIL,,LEVKOVSKY,,,,,6780 SW 153RD AVE,,BEAVERTON,OR,97007
69900398,NORTHWEST RUSSIAN AMERICAN COMMUNITY CENTER,DOMESTIC NONPROFIT CORPORATION,2010-07-06 08:57:49,PUBLIC BENEFIT,PRINCIPAL PLACE OF BUSINESS,,,,,,,,7955 SW EVERETT CT,,BEAVERTON,OR,97007
69900398,NORTHWEST RUSSIAN AMERICAN COMMUNITY CENTER,DOMESTIC NONPROFIT CORPORATION,2010-07-06 08:57:49,PUBLIC BENEFIT,REGISTERED AGENT,ANDREY,,PFLIGER,,,,,7955 SW EVERETT CT,,BEAVERTON,OR,97007
69900398,NORTHWEST RUSSIAN AMERICAN COMMUNITY CENTER,DOMESTIC NONPROFIT CORPORATION,2010-07-06 08:57:49,PUBLIC BENEFIT,SECRETARY,ANDREY,,PFLIGER,,,,,7955 SW EVERETT CT,,BEAVERTON,OR,97007
73744790,"SLAVIC COMMUNITY CENTER OF NW, INC",DOMESTIC NONPROFIT CORPORATION,2011-01-03 07:24:33,PUBLIC BENEFIT,MAILING ADDRESS,,,,,,,,17229 SE DIVISION ST,,PORTLAND,OR,97236
73744790,"SLAVIC COMMUNITY CENTER OF NW, INC",DOMESTIC NONPROFIT CORPORATION,2011-01-03 07:24:33,PUBLIC BENEFIT,PRESIDENT,TIMUR,I,HOLOVE,,,,,17229 SE DIVISION ST,,PORTLAND,OR,97236
73744790,"SLAVIC COMMUNITY CENTER OF NW, INC",DOMESTIC NONPROFIT CORPORATION,2011-01-03 07:24:33,PUBLIC BENEFIT,PRINCIPAL PLACE OF BUSINESS,,,,,,,,17229 SE DIVISION ST,,PORTLAND,OR,97236
73744790,"SLAVIC COMMUNITY CENTER OF NW, INC",DOMESTIC NONPROFIT CORPORATION,2011-01-03 07:24:33,PUBLIC BENEFIT,REGISTERED AGENT,TIMUR,,HOLOVE,,,,,17229 SE DIVISION ST,,PORTLAND,OR,97236
73744790,"SLAVIC COMMUNITY CENTER OF NW, INC",DOMESTIC NONPROFIT CORPORATION,2011-01-03 07:24:33,PUBLIC BENEFIT,SECRETARY,NIKOLAY,,BARANOV,,,,,17229 SE DIVISION ST,,PORTLAND,OR,97236
73919491,"RUSSIAN CHRISTIAN RADIO CENTER, INC.",FOREIGN NONPROFIT CORPORATION,2011-01-06 00:00:00,PUBLIC BENEFIT WITH MEMBERS,MAILING ADDRESS,,,,,,,,17634 SE HAIG DR,,PORTLAND,OR,97236
73919491,"RUSSIAN CHRISTIAN RADIO CENTER, INC.",FOREIGN NONPROFIT CORPORATION,2011-01-06 00:00:00,PUBLIC BENEFIT WITH MEMBERS,PRESIDENT,ANDREY,,NEKRASOV,,,,,17634 SE HAIG DR,,PORTLAND,OR,97236
73919491,"RUSSIAN CHRISTIAN RADIO CENTER, INC.",FOREIGN NONPROFIT CORPORATION,2011-01-06 00:00:00,PUBLIC BENEFIT WITH MEMBERS,PRINCIPAL PLACE OF BUSINESS,,,,,,,,634 AVE Y,,BROOKLYN,NY,11235
73919491,"RUSSIAN CHRISTIAN RADIO CENTER, INC.",FOREIGN NONPROFIT CORPORATION,2011-01-06 00:00:00,PUBLIC BENEFIT WITH MEMBERS,REGISTERED AGENT,ANDREY,,NEKRASOV,,,,,17634 SE HAIG DR,,PORTLAND,OR,97236
73919491,"RUSSIAN CHRISTIAN RADIO CENTER, INC.",FOREIGN NONPROFIT CORPORATION,2011-01-06 00:00:00,PUBLIC BENEFIT WITH MEMBERS,SECRETARY,GALINA,,NEKRASOVA,,,,,17634 SE HAIG DR,,PORTLAND,OR,97236
74824096,PORTLAND RUSSIAN MEDIA CENTER,DOMESTIC NONPROFIT CORPORATION,2011-02-11 16:04:59,PUBLIC BENEFIT,MAILING ADDRESS,,,,,,,,10249 NE CLACKAMAS ST,,PORTLAND,OR,97220
74824096,PORTLAND RUSSIAN MEDIA CENTER,DOMESTIC NONPROFIT CORPORATION,2011-02-11 16:04:59,PUBLIC BENEFIT,PRESIDENT,IVAN,IVANOVICH,SARANCHUK,,,,,10611 SE 232ND AVE,,DAMASCUS,OR,97089
74824096,PORTLAND RUSSIAN MEDIA CENTER,DOMESTIC NONPROFIT CORPORATION,2011-02-11 16:04:59,PUBLIC BENEFIT,PRINCIPAL PLACE OF BUSINESS,,,,,,,,10611 SE 232ND AVE,,DAMASCUS,OR,97089
74824096,PORTLAND RUSSIAN MEDIA CENTER,DOMESTIC NONPROFIT CORPORATION,2011-02-11 16:04:59,PUBLIC BENEFIT,REGISTERED AGENT,IVAN,I,SARANCHUK,,,,,10611 SE 232ND AVE,,DAMASCUS,OR,97089
74824096,PORTLAND RUSSIAN MEDIA CENTER,DOMESTIC NONPROFIT CORPORATION,2011-02-11 16:04:59,PUBLIC BENEFIT,SECRETARY,IRINA,S,SARANCHUK,,,,,10611 SE 232ND AVE,,DAMASCUS,OR,97089
106002595,RUSSIAN OLD BELIEVERS ST. NIKOLA CHURCH,DOMESTIC NONPROFIT CORPORATION,2014-11-06 00:00:00,RELIGIOUS,MAILING ADDRESS,,,,,,,,PO BOX 265,,GERVAIS,OR,97026
106002595,RUSSIAN OLD BELIEVERS ST. NIKOLA CHURCH,DOMESTIC NONPROFIT CORPORATION,2014-11-06 00:00:00,RELIGIOUS,PRESIDENT,LAZAR,,KALUGIN,,,,,11220 PORTLAND RD NE,,SALEM,OR,97309
106002595,RUSSIAN OLD BELIEVERS ST. NIKOLA CHURCH,DOMESTIC NONPROFIT CORPORATION,2014-11-06 00:00:00,RELIGIOUS,PRINCIPAL PLACE OF BUSINESS,,,,,,,,8702 PARR RD,,GERVAIS,OR,97026
106002595,RUSSIAN OLD BELIEVERS ST. NIKOLA CHURCH,DOMESTIC NONPROFIT CORPORATION,2014-11-06 00:00:00,RELIGIOUS,REGISTERED AGENT,LAZAR,,KALUGIN,,,,,11220 PORTLAND RD NE,,SALEM,OR,97305
106002595,RUSSIAN OLD BELIEVERS ST. NIKOLA CHURCH,DOMESTIC NONPROFIT CORPORATION,2014-11-06 00:00:00,RELIGIOUS,SECRETARY,SERGEI,,MARTUSHEV,,,,,12159 HOWELL PRAIRIE RD,,GERVAIS,OR,97026
113733497,ASSOCIATION OF RUSSIAN SPEAKING COMPATRIOTS US,DOMESTIC NONPROFIT CORPORATION,2015-08-14 08:07:39,PUBLIC BENEFIT,MAILING ADDRESS,,,,,,,,2510 SW 200TH CT,,BEAVERTON,OR,97003
113733497,ASSOCIATION OF RUSSIAN SPEAKING COMPATRIOTS US,DOMESTIC NONPROFIT CORPORATION,2015-08-14 08:07:39,PUBLIC BENEFIT,PRESIDENT,GALINA,VIKTOROVNA,NEKRASOVA,,,,,2510 SW 200TH CT,,BEAVERTON,OR,97003
113733497,ASSOCIATION OF RUSSIAN SPEAKING COMPATRIOTS US,DOMESTIC NONPROFIT CORPORATION,2015-08-14 08:07:39,PUBLIC BENEFIT,PRINCIPAL PLACE OF BUSINESS,,,,,,,,2510 SW 200TH CT,,BEAVERTON,OR,97003
113733497,ASSOCIATION OF RUSSIAN SPEAKING COMPATRIOTS US,DOMESTIC NONPROFIT CORPORATION,2015-08-14 08:07:39,PUBLIC BENEFIT,REGISTERED AGENT,GALINA,,NEKRASOVA,,,,,2510 SW 200TH CT,,BEAVERTON,OR,97003
113733497,ASSOCIATION OF RUSSIAN SPEAKING COMPATRIOTS US,DOMESTIC NONPROFIT CORPORATION,2015-08-14 08:07:39,PUBLIC BENEFIT,SECRETARY,OLGA,,DEMONNIN,,,,,2510 SW 200TH CT,,BEAVERTON,OR,97003
135109791,UKRAINIAN GOSPEL ASSOCIATION,DOMESTIC NONPROFIT CORPORATION,2017-08-11 12:49:07,RELIGIOUS WITH MEMBERS,MAILING ADDRESS,,,,,,,,9388 SE KINGSWOOD WAY,,DAMASCUS,OR,97089
135109791,UKRAINIAN GOSPEL ASSOCIATION,DOMESTIC NONPROFIT CORPORATION,2017-08-11 12:49:07,RELIGIOUS WITH MEMBERS,PRESIDENT,ILYA,,GLOBAK,,,,,9388 SE KINGSWOOD WAY,,DAMASCUS,OR,97089
135109791,UKRAINIAN GOSPEL ASSOCIATION,DOMESTIC NONPROFIT CORPORATION,2017-08-11 12:49:07,RELIGIOUS WITH MEMBERS,PRINCIPAL PLACE OF BUSINESS,,,,,,,,9388 KINGSWOOD WAY,,DAMASCUS,OR,97089
135109791,UKRAINIAN GOSPEL ASSOCIATION,DOMESTIC NONPROFIT CORPORATION,2017-08-11 12:49:07,RELIGIOUS WITH MEMBERS,REGISTERED AGENT,ILYA,,GLOBAK,,,,,9388 KINGSWOOD WAY,,DAMASCUS,OR,97089
135109791,UKRAINIAN GOSPEL ASSOCIATION,DOMESTIC NONPROFIT CORPORATION,2017-08-11 12:49:07,RELIGIOUS WITH MEMBERS,SECRETARY,VALENTYN,,KOIS,,,,,7428 SAINT PHILOMENA,,CITRUS HEIGHTS,CA,95610
159754390,NATIVITY OF CHRIST UKRAINIAN CATHOLIC MISSION,DOMESTIC NONPROFIT CORPORATION,2019-09-20 00:00:00,RELIGIOUS,MAILING ADDRESS,,,,,,,,4410 NE 65TH AVE,,PORTLAND,OR,97218
159754390,NATIVITY OF CHRIST UKRAINIAN CATHOLIC MISSION,DOMESTIC NONPROFIT CORPORATION,2019-09-20 00:00:00,RELIGIOUS,PRESIDENT,PAUL,,WARILA,,,,,4410 NE 65TH AVE,,PORTLAND,OR,97218
159754390,NATIVITY OF CHRIST UKRAINIAN CATHOLIC MISSION,DOMESTIC NONPROFIT CORPORATION,2019-09-20 00:00:00,RELIGIOUS,PRINCIPAL PLACE OF BUSINESS,,,,,,,,4410 NE 65TH AVE,,PORTLAND,OR,97218
159754390,NATIVITY OF CHRIST UKRAINIAN CATHOLIC MISSION,DOMESTIC NONPROFIT CORPORATION,2019-09-20 00:00:00,RELIGIOUS,REGISTERED AGENT,PAUL,,WARILA,,,,,4410 NE 65TH AVE,,PORTLAND,OR,97218
159754390,NATIVITY OF CHRIST UKRAINIAN CATHOLIC MISSION,DOMESTIC NONPROFIT CORPORATION,2019-09-20 00:00:00,RELIGIOUS,SECRETARY,MICHELLE,,WARILA,,,,,4410 NE 65TH AVE,,PORTLAND,OR,97218
160888492,RUSSIAN OLD BELIEVERS,DOMESTIC NONPROFIT CORPORATION,2019-10-25 00:00:00,PUBLIC BENEFIT,MAILING ADDRESS,,,,,,,,9410 RAMBLER DR NE,,SILVERTON,OR,97381
160888492,RUSSIAN OLD BELIEVERS,DOMESTIC NONPROFIT CORPORATION,2019-10-25 00:00:00,PUBLIC BENEFIT,PRESIDENT,LARRY,,SEMERIKOV,,,,,9410 RAMBLER DR NE,,SILVERTON,OR,97381
160888492,RUSSIAN OLD BELIEVERS,DOMESTIC NONPROFIT CORPORATION,2019-10-25 00:00:00,PUBLIC BENEFIT,PRINCIPAL PLACE OF BUSINESS,,,,,,,,9410 RAMBLER DR NE,,SILVERTON,OR,97381
160888492,RUSSIAN OLD BELIEVERS,DOMESTIC NONPROFIT CORPORATION,2019-10-25 00:00:00,PUBLIC BENEFIT,REGISTERED AGENT,KATIRINA,,ALAGOZ,,,,,9410 RAMBLER DR NE,,SILVERTON,OR,97381
160888492,RUSSIAN OLD BELIEVERS,DOMESTIC NONPROFIT CORPORATION,2019-10-25 00:00:00,PUBLIC BENEFIT,SECRETARY,KATIRINA,,ALAGOZ,,,,,9410 RAMBLER DR NE,,SILVERTON,OR,97381
194060191,UKRAINIAN CARE INC,DOMESTIC NONPROFIT CORPORATION,2022-03-08 13:56:17,PUBLIC BENEFIT WITH MEMBERS,MAILING ADDRESS,,,,,,,,9721 SE WICHITA AVE,,MILWAUKIE,OR,97222
194060191,UKRAINIAN CARE INC,DOMESTIC NONPROFIT CORPORATION,2022-03-08 13:56:17,PUBLIC BENEFIT WITH MEMBERS,PRESIDENT,KLAVDIA,,ANCHETA MOORE,,,,,9721 SE WICHITA AVE,,MILWAUKIE,OR,97222
194060191,UKRAINIAN CARE INC,DOMESTIC NONPROFIT CORPORATION,2022-03-08 13:56:17,PUBLIC BENEFIT WITH MEMBERS,PRINCIPAL PLACE OF BUSINESS,,,,,,,,9721 SE WICHITA AVE,,MILWAUKIE,OR,97222
194060191,UKRAINIAN CARE INC,DOMESTIC NONPROFIT CORPORATION,2022-03-08 13:56:17,PUBLIC BENEFIT WITH MEMBERS,REGISTERED AGENT,KLAVDIA,,ANCHETA MOORE,,,,,9721 SE WICHITA AVE,,MILWAUKIE,OR,97222
194060191,UKRAINIAN CARE INC,DOMESTIC NONPROFIT CORPORATION,2022-03-08 13:56:17,PUBLIC BENEFIT WITH MEMBERS,SECRETARY,OLGA,,SAFINA,,,,,9721 SE WICHITA AVE,,MILWAUKIE,OR,97222
199741696,"WHITAKER'S PEER SUPPORT SERVICES THE UKRAINIAN FUND OF OREGON, INC.",DOMESTIC NONPROFIT CORPORATION,2022-07-28 15:35:40,PUBLIC BENEFIT,MAILING ADDRESS,,,,,,,,157 S 7TH ST,,CENTRAL POINT,OR,97502
199741696,"WHITAKER'S PEER SUPPORT SERVICES THE UKRAINIAN FUND OF OREGON, INC.",DOMESTIC NONPROFIT CORPORATION,2022-07-28 15:35:40,PUBLIC BENEFIT,PRESIDENT,BRIAN,,WHITAKER,,,,,157 S 7TH ST,,CENTRAL POINT,OR,97502
199741696,"WHITAKER'S PEER SUPPORT SERVICES THE UKRAINIAN FUND OF OREGON, INC.",DOMESTIC NONPROFIT CORPORATION,2022-07-28 15:35:40,PUBLIC BENEFIT,PRINCIPAL PLACE OF BUSINESS,,,,,,,,157 S 7TH ST,,CENTRAL POINT,OR,97502
199741696,"WHITAKER'S PEER SUPPORT SERVICES THE UKRAINIAN FUND OF OREGON, INC.",DOMESTIC NONPROFIT CORPORATION,2022-07-28 15:35:40,PUBLIC BENEFIT,REGISTERED AGENT,,,,,,186336690,"INTELLEQUITY LEGAL SERVICES, LLC",111 SW 5TH AVE,SUITE 3150,PORTLAND,OR,97204
199741696,"WHITAKER'S PEER SUPPORT SERVICES THE UKRAINIAN FUND OF OREGON, INC.",DOMESTIC NONPROFIT CORPORATION,2022-07-28 15:35:40,PUBLIC BENEFIT,SECRETARY,BRIAN,,WHITAKER,,,,,157 S 7TH ST,,CENTRAL POINT,OR,97502
213574197,SLAVIC-AMERICAN RELATIONS,DOMESTIC NONPROFIT CORPORATION,2023-06-20 15:26:55,PUBLIC BENEFIT WITH MEMBERS,MAILING ADDRESS,,,,,,,,11220 SE STARK ST,,PORTLAND,OR,97216
213574197,SLAVIC-AMERICAN RELATIONS,DOMESTIC NONPROFIT CORPORATION,2023-06-20 15:26:55,PUBLIC BENEFIT WITH MEMBERS,PRESIDENT,VYACHESLAV,STEVEN,KIOROGLO,,,,,11220 SE STARK ST,,PORTLAND,OR,97216
213574197,SLAVIC-AMERICAN RELATIONS,DOMESTIC NONPROFIT CORPORATION,2023-06-20 15:26:55,PUBLIC BENEFIT WITH MEMBERS,REGISTERED AGENT,VYACHESLAV,STEVEN,KIOROGLO,,,,,11220 SE STARK ST,,PORTLAND,OR,97216
213574197,SLAVIC-AMERICAN RELATIONS,DOMESTIC NONPROFIT CORPORATION,2023-06-20 15:26:55,PUBLIC BENEFIT WITH MEMBERS,SECRETARY,VYACHESLAV,STEVEN,KIOROGLO,,,,,11220 SE STARK ST,,PORTLAND,OR,97216
220737092,UKRAINIAN ASSOCIATION OF OREGON,DOMESTIC NONPROFIT CORPORATION,2023-12-21 16:01:42,PUBLIC BENEFIT,MAILING ADDRESS,,,,,,,,12670 SW HARLEQUIN DR,,BEAVERTON,OR,97007
220737092,UKRAINIAN ASSOCIATION OF OREGON,DOMESTIC NONPROFIT CORPORATION,2023-12-21 16:01:42,PUBLIC BENEFIT,PRESIDENT,IHOR,,LEVKIV,,,,,12670 SW HARLEQUIN DR,,BEAVERTON,OR,97007
220737092,UKRAINIAN ASSOCIATION OF OREGON,DOMESTIC NONPROFIT CORPORATION,2023-12-21 16:01:42,PUBLIC BENEFIT,REGISTERED AGENT,IHOR,,LEVKIV,,,,,12670 SW HARLEQUIN DR,,BEAVERTON,OR,97007
220737092,UKRAINIAN ASSOCIATION OF OREGON,DOMESTIC NONPROFIT CORPORATION,2023-12-21 16:01:42,PUBLIC BENEFIT,SECRETARY,OLEKSANDR,,MOSKAL,,,,,309 NE 17TH AVE,,BATTLE GROUND,WA,98604
