Business Name,Entity Type,Nonprofit Type,Registry Date,Associated Name Type,Address ,Address Continued,City,State,Zip Code
THURSTON CHRISTIAN CHURCH,DOMESTIC NONPROFIT CORPORATION,RELIGIOUS WITH MEMBERS,1892-12-01 00:00:00,PRINCIPAL PLACE OF BUSINESS,6680 THURSTON RD,,SPRINGFIELD,OR,97478
CENTENNIAL CHRISTIAN CENTER,DOMESTIC NONPROFIT CORPORATION,RELIGIOUS WITH MEMBERS,1897-04-23 00:00:00,PRINCIPAL PLACE OF BUSINESS,1020 JANUS ST,,SPRINGFIELD,OR,97477
"FIRST BAPTIST CHURCH OF SPRINGFIELD, OREGON",DOMESTIC NONPROFIT CORPORATION,RELIGIOUS WITH MEMBERS,1914-11-07 00:00:00,PRINCIPAL PLACE OF BUSINESS,1175 G ST,,SPRINGFIELD,OR,97477
NEW LIFE CHURCH FIRST ASSEMBLY OF GOD SPRINGFIELD,DOMESTIC NONPROFIT CORPORATION,RELIGIOUS WITH MEMBERS,1940-12-30 00:00:00,PRINCIPAL PLACE OF BUSINESS,2080 N 19TH ST,,SPRINGFIELD,OR,97477
FIRST CHRISTIAN CHURCH OF SPRINGFIELD,DOMESTIC NONPROFIT CORPORATION,RELIGIOUS WITH MEMBERS,1942-09-24 00:00:00,PRINCIPAL PLACE OF BUSINESS,395 W CENTENNIAL BLVD,,SPRINGFIELD,OR,97477
"TRINITY BAPTIST CHURCH OF SPRINGFIELD, OREGON",DOMESTIC NONPROFIT CORPORATION,RELIGIOUS WITH MEMBERS,1945-03-22 00:00:00,PRINCIPAL PLACE OF BUSINESS,1162 B ST,,SPRINGFIELD,OR,97477
SPRINGFIELD EVANGELICAL LUTHERAN CHURCH,DOMESTIC NONPROFIT CORPORATION,RELIGIOUS WITH MEMBERS,1946-11-04 00:00:00,PRINCIPAL PLACE OF BUSINESS,"1542 ""I"" ST",,SPRINGFIELD,OR,97477
"HOPE EVANGELICAL LUTHERAN CHURCH OF SPRINGFIELD, LANE COUNTY, OREGON",DOMESTIC NONPROFIT CORPORATION,RELIGIOUS WITH MEMBERS,1948-07-20 00:00:00,PRINCIPAL PLACE OF BUSINESS,1369 B ST,,SPRINGFIELD,OR,97477
TWIN RIVERS CHURCH,DOMESTIC NONPROFIT CORPORATION,RELIGIOUS WITH MEMBERS,1950-09-08 00:00:00,PRINCIPAL PLACE OF BUSINESS,1660 MOHAWK BLVD,,SPRINGFIELD,OR,97477
HOPE COMMUNITY CHURCH,DOMESTIC NONPROFIT CORPORATION,RELIGIOUS WITH MEMBERS,1950-09-19 00:00:00,PRINCIPAL PLACE OF BUSINESS,205 23RD STREET,,SPRINGFIELD,OR,97477
CALVARY OPEN BIBLE,DOMESTIC NONPROFIT CORPORATION,RELIGIOUS WITH MEMBERS,1950-09-21 00:00:00,PRINCIPAL PLACE OF BUSINESS,1116 CENTENNIAL BLVD,,SPRINGFIELD,OR,97477
SPRINGFIELD CHURCH OF GOD,DOMESTIC NONPROFIT CORPORATION,RELIGIOUS WITH MEMBERS,1951-09-28 00:00:00,PRINCIPAL PLACE OF BUSINESS,1369 D ST,,SPRINGFIELD,OR,97477
"LOWELL OREGON CONGREGATION OF JEHOVAH'S WITNESSES, INC.",DOMESTIC NONPROFIT CORPORATION,RELIGIOUS WITH MEMBERS,1952-06-09 00:00:00,PRINCIPAL PLACE OF BUSINESS,885 S 42ND ST,,SPRINGFIELD,OR,97478
CITY OF DESTINY CHURCH,DOMESTIC NONPROFIT CORPORATION,RELIGIOUS WITH MEMBERS,1952-11-24 00:00:00,PRINCIPAL PLACE OF BUSINESS,2065 CENTENNIAL BLVD,,SPRINGFIELD,OR,97477
THE SPRINGFIELD CHURCH OF THE NAZARENE,DOMESTIC NONPROFIT CORPORATION,RELIGIOUS WITH MEMBERS,1953-04-01 00:00:00,PRINCIPAL PLACE OF BUSINESS,1761 E ST,,SPRINGFIELD,OR,97477
MOHAWK COMMUNITY CHURCH,DOMESTIC NONPROFIT CORPORATION,RELIGIOUS WITH MEMBERS,1954-01-05 00:00:00,PRINCIPAL PLACE OF BUSINESS,91190 HILL RD,,SPRINGFIELD,OR,97478
CAMP CREEK CHURCH,DOMESTIC NONPROFIT CORPORATION,RELIGIOUS WITH MEMBERS,1954-03-02 00:00:00,PRINCIPAL PLACE OF BUSINESS,37535 UPPER CAMP CREEK RD,,SPRINGFIELD,OR,97478
BEREAN ASSEMBLY OF GOD,DOMESTIC NONPROFIT CORPORATION,RELIGIOUS WITH MEMBERS,1956-04-09 00:00:00,PRINCIPAL PLACE OF BUSINESS,147 75TH ST,,SPRINGFIELD,OR,97478
"EAST SIDE BAPTIST CHURCH, OF SPRINGFIELD",DOMESTIC NONPROFIT CORPORATION,RELIGIOUS WITH MEMBERS,1958-12-30 00:00:00,PRINCIPAL PLACE OF BUSINESS,4045 COMMERCIAL AVE,,SPRINGFIELD,OR,97478
CAMP CHRISTIAN MINISTRIES,DOMESTIC NONPROFIT CORPORATION,RELIGIOUS WITH MEMBERS,1959-12-04 00:00:00,PRINCIPAL PLACE OF BUSINESS,39545 DEERHORN RD,,SPRINGFIELD,OR,97478
THE NORTHWOOD CHRISTIAN CHURCH,DOMESTIC NONPROFIT CORPORATION,RELIGIOUS WITH MEMBERS,1963-11-01 00:00:00,PRINCIPAL PLACE OF BUSINESS,2425 HARVEST LN,,SPRINGFIELD,OR,97477
"MCKENZIE RIVER CONGREGATION OF JEHOVAH'S WITNESSES, SPRINGFIELD, OR. INC.",DOMESTIC NONPROFIT CORPORATION,RELIGIOUS WITH MEMBERS,1965-08-06 00:00:00,PRINCIPAL PLACE OF BUSINESS,885 S 42ND ST,,SPRINGFIELD,OR,97478
"WEST CONGREGATION OF JEHOVAH'S WITNESSES, SPRINGFIELD, OREGON",DOMESTIC NONPROFIT CORPORATION,RELIGIOUS,1966-05-16 00:00:00,PRINCIPAL PLACE OF BUSINESS,2423 7TH ST,,SPRINGFIELD,OR,97477
NEW LIFE APOSTOLIC TABERNACLE,DOMESTIC NONPROFIT CORPORATION,RELIGIOUS WITH MEMBERS,1970-05-25 00:00:00,PRINCIPAL PLACE OF BUSINESS,6155 THURSTON RD,,SPRINGFIELD,OR,97478
"FIRST LANDMARK MISSIONARY BAPTIST CHURCH, SPRINGFIELD, OREGON",DOMESTIC NONPROFIT CORPORATION,RELIGIOUS WITH MEMBERS,1973-02-26 00:00:00,PRINCIPAL PLACE OF BUSINESS,421 S 40TH,,SPRINGFIELD,OR,97478
EASTMONT BAPTIST CHURCH OF SPRINGFIELD,DOMESTIC NONPROFIT CORPORATION,RELIGIOUS WITH MEMBERS,1977-01-19 00:00:00,PRINCIPAL PLACE OF BUSINESS,8245 MCKENZIE HWY,,SPRINGFIELD,OR,97478
THE THURSTON COMMUNITY BAPTIST CHURCH OF SPRINGFIELD,DOMESTIC NONPROFIT CORPORATION,RELIGIOUS WITH MEMBERS,1977-01-21 00:00:00,PRINCIPAL PLACE OF BUSINESS,6364 MAIN ST,,SPRINGFIELD,OR,97478
SPIRITUAL ASSEMBLY OF THE BAHA'IS OF SPRINGFIELD OREGON,DOMESTIC NONPROFIT CORPORATION,RELIGIOUS WITH MEMBERS,1977-08-19 00:00:00,PRINCIPAL PLACE OF BUSINESS,633 4TH ST,,SPRINGFIELD,OR,97477
CROSSFIRE WORLD OUTREACH MINISTRIES,DOMESTIC NONPROFIT CORPORATION,RELIGIOUS,1977-11-14 00:00:00,PRINCIPAL PLACE OF BUSINESS,942 28TH ST,,SPRINGFIELD,OR,97477
SPRINGFIELD CHURCH OF THE BRETHREN,DOMESTIC NONPROFIT CORPORATION,RELIGIOUS WITH MEMBERS,1978-11-02 00:00:00,PRINCIPAL PLACE OF BUSINESS,1082 MAIN STREET,,SPRINGFIELD,OR,97477
GENESIS FELLOWSHIP,DOMESTIC NONPROFIT CORPORATION,RELIGIOUS,1979-04-04 00:00:00,PRINCIPAL PLACE OF BUSINESS,215 E VILLAGE RIDGE,,SPRINGFIELD,MO,65803
SON RISE MINISTRIES,DOMESTIC NONPROFIT CORPORATION,RELIGIOUS,1981-03-23 00:00:00,PRINCIPAL PLACE OF BUSINESS,1536 VERA DRIVE,,SPRINGFIELD,OR,97477
THE NATIVITY OF THE MOTHER OF GOD BYZANTINE CATHOLIC CHURCH,DOMESTIC NONPROFIT CORPORATION,RELIGIOUS WITH MEMBERS,1982-10-01 00:00:00,PRINCIPAL PLACE OF BUSINESS,704 ASPEN ST,,SPRINGFIELD,OR,97477
SUNRISE INTERNATIONAL MINISTRIES,DOMESTIC NONPROFIT CORPORATION,RELIGIOUS,1984-08-02 00:00:00,PRINCIPAL PLACE OF BUSINESS,2026 FIRTH AVE,,SPRINGFIELD,OR,97477
"JAMES A. EBBERT MEMORIAL UNITED METHODIST CHURCH, INC.",DOMESTIC NONPROFIT CORPORATION,RELIGIOUS WITH MEMBERS,1987-06-18 00:00:00,PRINCIPAL PLACE OF BUSINESS,532 C STREET,,SPRINGFIELD,OR,97477
WAYSIDE OPEN BIBLE CHAPEL,DOMESTIC NONPROFIT CORPORATION,RELIGIOUS WITH MEMBERS,1988-03-03 00:00:00,PRINCIPAL PLACE OF BUSINESS,5297 B ST,,SPRINGFIELD,OR,97478
MCKENZIE VALLEY PRESBYTERIAN CHURCH (U.S.A.),DOMESTIC NONPROFIT CORPORATION,RELIGIOUS WITH MEMBERS,1988-06-23 00:00:00,PRINCIPAL PLACE OF BUSINESS,88393 WALTERVILLE LP,,SPRINGFIELD,OR,97478
NEW SONG CHRISTIAN FELLOWSHIP,DOMESTIC NONPROFIT CORPORATION,RELIGIOUS,1992-10-09 00:00:00,PRINCIPAL PLACE OF BUSINESS,35425 CAMP CREEK RD,,SPRINGFIELD,OR,97478
VICTORY TABERNACLE/PENTECOSTAL CHURCH OF GOD,DOMESTIC NONPROFIT CORPORATION,RELIGIOUS,1993-03-13 00:00:00,PRINCIPAL PLACE OF BUSINESS,463 N 39TH ST,,SPRINGFIELD,OR,97478
RESTORATION FELLOWSHIP,DOMESTIC NONPROFIT CORPORATION,RELIGIOUS WITH MEMBERS,1994-04-05 00:00:00,PRINCIPAL PLACE OF BUSINESS,220 S 42ND ST,,SPRINGFIELD,OR,97478
KOREAN CENTRAL COVENANT CHURCH OF EUGENE,DOMESTIC NONPROFIT CORPORATION,RELIGIOUS WITH MEMBERS,1995-08-03 00:00:00,PRINCIPAL PLACE OF BUSINESS,3360 GAME FARM RD,,SPRINGFIELD,OR,97477
WILLAMETTE VALLEY BAPTIST ASSOCIATION,DOMESTIC NONPROFIT CORPORATION,RELIGIOUS,1995-11-09 00:00:00,PRINCIPAL PLACE OF BUSINESS,1162 B ST,,SPRINGFIELD,OR,97477
HILLVIEW BAPTIST CHURCH,DOMESTIC NONPROFIT CORPORATION,RELIGIOUS WITH MEMBERS,1996-01-03 00:00:00,PRINCIPAL PLACE OF BUSINESS,725 S 42ND ST,,SPRINGFIELD,OR,97478
EUGENE-SPRINGFIELD CHINESE CHRISTIAN CHURCH,DOMESTIC NONPROFIT CORPORATION,RELIGIOUS WITH MEMBERS,1996-10-14 00:00:00,PRINCIPAL PLACE OF BUSINESS,1275 MILL ST,,SPRINGFIELD,OR,97477
"PARKWAY LANDMARK BAPTIST CHURCH, INC.",DOMESTIC NONPROFIT CORPORATION,RELIGIOUS WITH MEMBERS,1997-03-10 00:00:00,PRINCIPAL PLACE OF BUSINESS,175 C ST,,SPRINGFIELD,OR,97477
FAMILY COMMUNITY MINISTRIES,DOMESTIC NONPROFIT CORPORATION,RELIGIOUS,1998-04-29 00:00:00,PRINCIPAL PLACE OF BUSINESS,3349 AMBLESIDE DR,,SPRINGFIELD,OR,97477
SPANISH CONGREGATION OF JEHOVAH'S WITNESS,DOMESTIC NONPROFIT CORPORATION,RELIGIOUS,1998-11-13 00:00:00,PRINCIPAL PLACE OF BUSINESS,2423 W 7TH ST,,SPRINGFIELD,OR,97477
FELLOWSHIP OF OUTREACH MINISTRIES INTERNATIONAL,DOMESTIC NONPROFIT CORPORATION,RELIGIOUS,1998-12-28 00:00:00,PRINCIPAL PLACE OF BUSINESS,942 28TH ST,,SPRINGFIELD,OR,97477
MCKENZIE CHURCH OF CHRIST,DOMESTIC NONPROFIT CORPORATION,RELIGIOUS WITH MEMBERS,2001-04-04 00:00:00,PRINCIPAL PLACE OF BUSINESS,250 N 51ST ST,,SPRINGFIELD,OR,97478
ASSEMBLIES OF GOD FOUNDATION,FOREIGN NONPROFIT CORPORATION,RELIGIOUS WITH MEMBERS,2002-11-12 00:00:00,PRINCIPAL PLACE OF BUSINESS,3900 S OVERLAND AVE,,SPRINGFIELD,MO,65807
GRACE BAPTIST CHURCH OF SPRINGFIELD,DOMESTIC NONPROFIT CORPORATION,RELIGIOUS WITH MEMBERS,2004-04-28 00:00:00,PRINCIPAL PLACE OF BUSINESS,260 35TH STREET,,SPRINGFIELD,OR,97478
"SAFE HAVEN CHRISTIAN CENTER, INCORPORATED",DOMESTIC NONPROFIT CORPORATION,RELIGIOUS,2006-06-23 00:00:00,PRINCIPAL PLACE OF BUSINESS,220 S 42ND ST SPRINGFIELD OR,,SPRINGFIELD,OR,97478
"THE CITY OF REFUGE INTERNATIONAL, INC.",DOMESTIC NONPROFIT CORPORATION,RELIGIOUS,2007-03-28 00:00:00,PRINCIPAL PLACE OF BUSINESS,2450 16TH ST,,SPRINGFIELD,OR,97478
MERCYFORWARD,DOMESTIC NONPROFIT CORPORATION,RELIGIOUS WITH MEMBERS,2008-01-29 00:00:00,PRINCIPAL PLACE OF BUSINESS,1154 S 41ST STREET,,SPRINGFIELD,OR,97478
"ST. ALICE CATHOLIC CHURCH, SPRINGFIELD, OREGON",DOMESTIC NONPROFIT CORPORATION,RELIGIOUS WITH MEMBERS,2008-04-29 00:00:00,PRINCIPAL PLACE OF BUSINESS,1520 E STREET,,SPRINGFIELD,OR,97477
WAYPOINT COMMUNITY CHURCH,DOMESTIC NONPROFIT CORPORATION,RELIGIOUS WITH MEMBERS,2009-01-28 00:00:00,PRINCIPAL PLACE OF BUSINESS,332 58TH ST,,SPRINGFIELD,OR,97478
IGLESIA EBENEZER,DOMESTIC NONPROFIT CORPORATION,RELIGIOUS WITH MEMBERS,2010-03-05 16:05:36,PRINCIPAL PLACE OF BUSINESS,1175 G STREET,,SPRINGFIELD,OR,97477
DREAM CENTER LANE COUNTY,DOMESTIC NONPROFIT CORPORATION,RELIGIOUS WITH MEMBERS,2010-05-10 13:03:09,PRINCIPAL PLACE OF BUSINESS,2065 CENTENNIAL BLVD,,SPRINGFIELD,OR,97477
THURSTON LIFE FOUNDATION,DOMESTIC NONPROFIT CORPORATION,RELIGIOUS,2010-06-16 00:00:00,PRINCIPAL PLACE OF BUSINESS,88956 SKY HIGH DR,,SPRINGFIELD,OR,97478
THREE SIXTEEN MINISTRIES,DOMESTIC NONPROFIT CORPORATION,RELIGIOUS WITH MEMBERS,2011-02-07 16:22:16,PRINCIPAL PLACE OF BUSINESS,1657 DELROSE AVE,,SPRINGFIELD,OR,97477
LIFE LINK RECOVERY,DOMESTIC NONPROFIT CORPORATION,RELIGIOUS,2011-07-15 00:00:00,PRINCIPAL PLACE OF BUSINESS,942 28TH ST,,SPRINGFIELD,OR,97477
ENCOURAGING WORD MINISTRIES,DOMESTIC NONPROFIT CORPORATION,RELIGIOUS,2011-08-18 08:40:25,PRINCIPAL PLACE OF BUSINESS,635 S 41ST CT,,SPRINGFIELD,OR,97478
THE DOOR CFM,DOMESTIC NONPROFIT CORPORATION,RELIGIOUS WITH MEMBERS,2011-09-29 14:51:31,PRINCIPAL PLACE OF BUSINESS,3875 MAIN ST,,SPRINGFIELD,OR,97478
THE EPISCOPAL CHURCH OF ST. JOHN THE DIVINE,DOMESTIC NONPROFIT CORPORATION,RELIGIOUS WITH MEMBERS,2011-11-17 08:46:56,PRINCIPAL PLACE OF BUSINESS,2537 GAME FARM ROAD,,SPRINGFIELD,OR,97477
SHROUD OF TURIN INSTITUTE,DOMESTIC NONPROFIT CORPORATION,RELIGIOUS WITH MEMBERS,2012-08-10 14:52:58,PRINCIPAL PLACE OF BUSINESS,895 N 55TH PL,,SPRINGFIELD,OR,97478
KAIROS MINISTRIES,DOMESTIC NONPROFIT CORPORATION,RELIGIOUS WITH MEMBERS,2014-05-05 00:00:00,PRINCIPAL PLACE OF BUSINESS,38744 FLOWERDALE DR,,SPRINGFIELD,OR,97478
GOSPEL COMMUNITY CHURCH,DOMESTIC NONPROFIT CORPORATION,RELIGIOUS,2014-11-10 12:54:04,PRINCIPAL PLACE OF BUSINESS,2180 MELLOWOOD CT,,SPRINGFIELD,OR,97477
THE UNFOLDING SOUL,DOMESTIC NONPROFIT CORPORATION,RELIGIOUS,2015-02-07 00:00:00,PRINCIPAL PLACE OF BUSINESS,672 ANDERSON LANE,,SPRINGFIELD,OR,97477
"UNITED PENTECOSTAL CHURCH OF SPRINGFIELD, OREGON",DOMESTIC NONPROFIT CORPORATION,RELIGIOUS WITH MEMBERS,2016-03-21 00:00:00,PRINCIPAL PLACE OF BUSINESS,245 N 14TH ST,,SPRINGFIELD,OR,97477
JOY CHURCH EUGENE,DOMESTIC NONPROFIT CORPORATION,RELIGIOUS,2016-05-17 11:09:16,PRINCIPAL PLACE OF BUSINESS,3188 GATEWAY LOOP,,SPRINGFIELD,OR,97477
CENTRAL CONGREGATION OF JEHOVAH'S WITNESSES,DOMESTIC NONPROFIT CORPORATION,RELIGIOUS WITH MEMBERS,2016-12-07 15:33:07,PRINCIPAL PLACE OF BUSINESS,885 S 42ND ST,,SPRINGFIELD,OR,97478
IGLESIA CRISTIANA EL REY DE GLORIA,DOMESTIC NONPROFIT CORPORATION,RELIGIOUS WITH MEMBERS,2017-04-26 09:28:06,PRINCIPAL PLACE OF BUSINESS,4439 HOLLY ST,,SPRINGFIELD,OR,97478
CASA DE DIOS SPRINGFIELD,DOMESTIC NONPROFIT CORPORATION,RELIGIOUS WITH MEMBERS,2018-01-18 00:00:00,PRINCIPAL PLACE OF BUSINESS,1720 MAIN ST,,SPRINGFIELD,OR,97477
SWORD OF TRUTH MINISTRY,DOMESTIC NONPROFIT CORPORATION,RELIGIOUS,2019-06-21 15:34:40,PRINCIPAL PLACE OF BUSINESS,1448 MAIN ST #10,,SPRINGFIELD,OR,97477
CONVOY OF HOPE,FOREIGN NONPROFIT CORPORATION,RELIGIOUS,2019-07-16 00:00:00,PRINCIPAL PLACE OF BUSINESS,1 CONVOY DR,,SPRINGFIELD,MO,65802
NEW BEGINNINGS FAMILY,DOMESTIC NONPROFIT CORPORATION,RELIGIOUS,2019-10-01 09:29:37,PRINCIPAL PLACE OF BUSINESS,1585 N 5TH ST,,SPRINGFIELD,OR,97477
SPRINGFIELD COMMUNITY CHURCH,DOMESTIC NONPROFIT CORPORATION,RELIGIOUS WITH MEMBERS,2019-12-10 11:51:28,PRINCIPAL PLACE OF BUSINESS,1305 5TH ST,,SPRINGFIELD,OR,97477
IMMANUEL BAPTIST CHURCH,DOMESTIC NONPROFIT CORPORATION,RELIGIOUS WITH MEMBERS,2020-09-02 08:26:41,PRINCIPAL PLACE OF BUSINESS,3050 GAME FARM ROAD S,,SPRINGFIELD,OR,97477
OREGON ZOROASTRIAN ORGANIZATION,DOMESTIC NONPROFIT CORPORATION,RELIGIOUS,2021-05-10 00:00:00,PRINCIPAL PLACE OF BUSINESS,6485 DOGWOOD ST,,SPRINGFIELD,OR,97478
HOSPITAL SISTERS HEALTH SYSTEM,FOREIGN NONPROFIT CORPORATION,RELIGIOUS WITH MEMBERS,2021-07-12 00:00:00,PRINCIPAL PLACE OF BUSINESS,4936 LAVERNA ROAD,,SPRINGFIELD,IL,62707
"ENCOUNTER THE KINGDOM MINISTRIES, INC.",DOMESTIC NONPROFIT CORPORATION,RELIGIOUS,2023-03-13 00:00:00,PRINCIPAL PLACE OF BUSINESS,336 MAIN ST #2,,SPRINGFIELD,OR,97477
MCKENZIE VALLEY PRESBYTERIAN CHURCH,DOMESTIC NONPROFIT CORPORATION,RELIGIOUS WITH MEMBERS,2023-09-01 13:09:34,PRINCIPAL PLACE OF BUSINESS,88393 WALTERVIELLE LOOP,,SPRINGFIELD,OR,97478
